Feature ID	Taxon	Confidence
ASV_18S_1	d__Eukaryota;k__Stramenopiles;p__Labyrinthulomycetes;c__Labyrinthulomycetes;o__Labyrinthulomycetes;os__Labyrinthulomycetes;f__Labyrinthulaceae;fs__Labyrinthulaceae;g__Labyrinthula	0.9999962993825567
ASV_18S_2	d__Eukaryota	0.9968857154256039
ASV_18S_3	d__Eukaryota	0.9975404963423276
ASV_18S_4	d__Eukaryota;k__Stramenopiles;p__Labyrinthulomycetes;c__Labyrinthulomycetes;o__Labyrinthulomycetes;os__Labyrinthulomycetes;f__Labyrinthulaceae;fs__Labyrinthulaceae;g__Labyrinthula	0.9644420589979287
ASV_18S_5	d__Eukaryota;k__Stramenopiles;p__Labyrinthulomycetes;c__Labyrinthulomycetes;o__Labyrinthulomycetes;os__Labyrinthulomycetes;f__Labyrinthulaceae;fs__Labyrinthulaceae;g__Labyrinthula	0.9770734015264628
ASV_18S_6	d__Eukaryota;k__Stramenopiles;p__Labyrinthulomycetes;c__Labyrinthulomycetes;o__Labyrinthulomycetes;os__Labyrinthulomycetes;f__Labyrinthulaceae;fs__Labyrinthulaceae;g__Labyrinthula	0.9817165934437332
ASV_18S_7	d__Eukaryota;k__Chloroplastida;p__Phragmoplastophyta;c__Embryophyta;o__Liliopsida;os__Incertae_Sedis;f__Incertae_Sedis;fs__Incertae_Sedis;g__Zostera	0.9640330962773563
ASV_18S_8	d__Eukaryota;k__Stramenopiles;p__Labyrinthulomycetes;c__Labyrinthulomycetes;o__Labyrinthulomycetes;os__Labyrinthulomycetes;f__Labyrinthulaceae;fs__Labyrinthulaceae;g__Labyrinthula	0.9999399246592464
ASV_18S_9	d__Eukaryota;k__Stramenopiles;p__Labyrinthulomycetes;c__Labyrinthulomycetes;o__Labyrinthulomycetes;os__Labyrinthulomycetes;f__Labyrinthulaceae;fs__Labyrinthulaceae;g__Labyrinthula	0.9959486074496824
ASV_18S_10	d__Eukaryota;k__Stramenopiles;p__Labyrinthulomycetes;c__Labyrinthulomycetes;o__Labyrinthulomycetes;os__Labyrinthulomycetes;f__Thraustochytriaceae;fs__Thraustochytriaceae;g__Aplanochytrium	0.9998475437059074
ASV_18S_11	d__Eukaryota;k__Stramenopiles;p__Labyrinthulomycetes;c__Labyrinthulomycetes;o__Labyrinthulomycetes;os__Labyrinthulomycetes;f__Labyrinthulaceae;fs__Labyrinthulaceae;g__Labyrinthula	0.7194778987730885
ASV_18S_12	d__Eukaryota	0.9870987085677914
ASV_18S_13	d__Eukaryota;k__Holozoa;p__Holozoa;c__Filasterea;o__Ministeriida;os__Ministeriida;f__Capsasporidae;fs__Capsasporidae;g__Marine_Group	0.9889097674925761
ASV_18S_14	d__Eukaryota;k__Stramenopiles;p__Labyrinthulomycetes;c__Labyrinthulomycetes;o__Labyrinthulomycetes;os__Labyrinthulomycetes;f__Labyrinthulaceae;fs__Labyrinthulaceae;g__Labyrinthula	0.9999840696063855
ASV_18S_15	d__Eukaryota;k__Holozoa;p__Holozoa;c__Filasterea;o__Ministeriida;os__Ministeriida;f__Capsasporidae;fs__Capsasporidae;g__Marine_Group	0.9573244703625158
ASV_18S_16	d__Eukaryota;k__Stramenopiles;p__Labyrinthulomycetes;c__Labyrinthulomycetes;o__Labyrinthulomycetes;os__Labyrinthulomycetes;f__Thraustochytriaceae;fs__Thraustochytriaceae;g__Aplanochytrium	0.9999882635952481
ASV_18S_23	d__Eukaryota;k__Stramenopiles;p__Labyrinthulomycetes;c__Labyrinthulomycetes;o__Labyrinthulomycetes;os__Labyrinthulomycetes;f__Labyrinthulaceae;fs__Labyrinthulaceae;g__Labyrinthula	0.9756470336833273
ASV_18S_24	d__Eukaryota	0.9841565788423485
ASV_18S_25	d__Eukaryota;k__Stramenopiles;p__Labyrinthulomycetes;c__Labyrinthulomycetes;o__Labyrinthulomycetes;os__Labyrinthulomycetes;f__Labyrinthulaceae;fs__Labyrinthulaceae;g__Labyrinthula	0.7963459041920748
ASV_18S_26	d__Eukaryota	0.9912792987498202
ASV_18S_27	d__Eukaryota;k__Stramenopiles;p__Labyrinthulomycetes;c__Labyrinthulomycetes;o__Labyrinthulomycetes;os__Labyrinthulomycetes;f__Labyrinthulaceae;fs__Labyrinthulaceae;g__Labyrinthula	0.9999260161438466
ASV_18S_28	d__Eukaryota;k__Stramenopiles;p__Labyrinthulomycetes;c__Labyrinthulomycetes;o__Labyrinthulomycetes;os__Labyrinthulomycetes;f__Labyrinthulaceae;fs__Labyrinthulaceae;g__Labyrinthula	0.9541765114287195
ASV_18S_29	d__Eukaryota;k__Animalia	0.999999869195015
ASV_18S_30	d__Eukaryota;k__Stramenopiles;p__Labyrinthulomycetes;c__Labyrinthulomycetes;o__Labyrinthulomycetes;os__Labyrinthulomycetes;f__Thraustochytriaceae;fs__Thraustochytriaceae;g__Aplanochytrium	0.9999709251017304
ASV_18S_31	d__Eukaryota;k__Stramenopiles;p__Diatomea;c__Coscinodiscophytina;o__Fragilariales;os__Fragilariales;f__Fragilariales;fs__Fragilariales;g__Licmophora	0.9603717769578703
ASV_18S_34	d__Eukaryota;k__Stramenopiles;p__Labyrinthulomycetes;c__Labyrinthulomycetes;o__Labyrinthulomycetes;os__Labyrinthulomycetes;f__Labyrinthulaceae;fs__Labyrinthulaceae;g__Labyrinthula	0.7664102488027883
ASV_18S_35	d__Eukaryota;k__Stramenopiles;p__Labyrinthulomycetes;c__Labyrinthulomycetes;o__Labyrinthulomycetes;os__Labyrinthulomycetes;f__Thraustochytriaceae;fs__Thraustochytriaceae;g__Aplanochytrium	0.9999576791161502
ASV_18S_36	d__Eukaryota;k__Stramenopiles;p__Labyrinthulomycetes;c__Labyrinthulomycetes;o__Labyrinthulomycetes;os__Labyrinthulomycetes;f__Thraustochytriaceae;fs__Thraustochytriaceae;g__Aplanochytrium	0.9999047856051684
ASV_18S_37	d__Eukaryota;k__Holozoa;p__Holozoa;c__Filasterea;o__Ministeriida;os__Ministeriida;f__Capsasporidae;fs__Capsasporidae;g__Marine_Group	0.968834724748636
ASV_18S_39	d__Eukaryota;k__Stramenopiles;p__Labyrinthulomycetes;c__Labyrinthulomycetes;o__Labyrinthulomycetes;os__Labyrinthulomycetes;f__Labyrinthulaceae;fs__Labyrinthulaceae;g__Labyrinthula	0.8944396486872926
ASV_18S_41	d__Eukaryota;k__Stramenopiles;p__Diatomea;c__Bacillariophyceae;o__Bacillariophyceae;os__Bacillariophyceae;f__Bacillariophyceae;fs__Bacillariophyceae	0.9679358759156486
ASV_18S_42	d__Eukaryota;k__Stramenopiles;p__Labyrinthulomycetes;c__Labyrinthulomycetes;o__Labyrinthulomycetes;os__Labyrinthulomycetes;f__Labyrinthulaceae;fs__Labyrinthulaceae;g__Labyrinthula	0.9992909295293966
ASV_18S_44	d__Eukaryota;k__Stramenopiles;p__Labyrinthulomycetes;c__Labyrinthulomycetes;o__Labyrinthulomycetes;os__Labyrinthulomycetes;f__Labyrinthulaceae;fs__Labyrinthulaceae;g__Labyrinthula	0.9624710389642516
ASV_18S_46	d__Eukaryota;k__Stramenopiles;p__Ochrophyta;c__Phaeophyceae;o__Ectocarpales;os__Ectocarpales;f__Ectocarpales;fs__Ectocarpales	0.974268521287749
ASV_18S_47	d__Eukaryota;k__Chloroplastida;p__Phragmoplastophyta;c__Embryophyta;o__Liliopsida;os__Incertae_Sedis;f__Incertae_Sedis;fs__Incertae_Sedis;g__Zostera	0.946166547504153
ASV_18S_48	d__Eukaryota;k__Stramenopiles;p__Labyrinthulomycetes;c__Labyrinthulomycetes;o__Labyrinthulomycetes;os__Labyrinthulomycetes;f__Labyrinthulaceae;fs__Labyrinthulaceae;g__Labyrinthula	0.9957847874982031
ASV_18S_49	d__Eukaryota;k__Stramenopiles;p__Labyrinthulomycetes;c__Labyrinthulomycetes;o__Labyrinthulomycetes;os__Labyrinthulomycetes;f__Thraustochytriaceae;fs__Thraustochytriaceae;g__Aplanochytrium	0.9998917290995119
ASV_18S_50	Unassigned	0.7783534750360275
ASV_18S_55	d__Eukaryota;k__Stramenopiles;p__Labyrinthulomycetes;c__Labyrinthulomycetes;o__Labyrinthulomycetes;os__Labyrinthulomycetes;f__Labyrinthulaceae;fs__Labyrinthulaceae;g__Labyrinthula	0.9540240646727774
ASV_18S_57	d__Eukaryota;k__Stramenopiles;p__Labyrinthulomycetes;c__Labyrinthulomycetes;o__Labyrinthulomycetes;os__Labyrinthulomycetes;f__Thraustochytriaceae;fs__Thraustochytriaceae;g__Aplanochytrium	0.999977906402573
ASV_18S_58	d__Eukaryota;k__Stramenopiles;p__Labyrinthulomycetes;c__Labyrinthulomycetes;o__Labyrinthulomycetes;os__Labyrinthulomycetes;f__Thraustochytriaceae;fs__Thraustochytriaceae;g__Aplanochytrium	0.9999841834896285
ASV_18S_60	d__Eukaryota;k__Stramenopiles;p__Labyrinthulomycetes;c__Labyrinthulomycetes;o__Labyrinthulomycetes;os__Labyrinthulomycetes;f__Thraustochytriaceae;fs__Thraustochytriaceae;g__Aplanochytrium	0.9999305771766832
ASV_18S_65	d__Eukaryota;k__Stramenopiles;p__Labyrinthulomycetes;c__Labyrinthulomycetes;o__Labyrinthulomycetes;os__Labyrinthulomycetes;f__Labyrinthulaceae;fs__Labyrinthulaceae;g__Labyrinthula	0.9999928439498798
ASV_18S_66	d__Eukaryota;k__Stramenopiles;p__Labyrinthulomycetes;c__Labyrinthulomycetes;o__Labyrinthulomycetes;os__Labyrinthulomycetes;f__Labyrinthulaceae;fs__Labyrinthulaceae;g__Labyrinthula	0.9819263370818287
ASV_18S_68	d__Eukaryota;k__Stramenopiles;p__Labyrinthulomycetes;c__Labyrinthulomycetes;o__Labyrinthulomycetes;os__Labyrinthulomycetes;f__Thraustochytriaceae;fs__Thraustochytriaceae;g__Aplanochytrium	0.9996976903518302
ASV_18S_69	d__Eukaryota;k__Stramenopiles;p__Labyrinthulomycetes;c__Labyrinthulomycetes;o__Labyrinthulomycetes;os__Labyrinthulomycetes;f__Thraustochytriaceae;fs__Thraustochytriaceae;g__Aplanochytrium	0.9992199773682968
ASV_18S_72	d__Eukaryota;k__Stramenopiles;p__Labyrinthulomycetes;c__Labyrinthulomycetes;o__Labyrinthulomycetes;os__Labyrinthulomycetes;f__Thraustochytriaceae;fs__Thraustochytriaceae;g__Aplanochytrium	0.9998601507708332
ASV_18S_73	d__Eukaryota;k__Chloroplastida;p__Phragmoplastophyta;c__Embryophyta;o__Liliopsida;os__Incertae_Sedis;f__Incertae_Sedis;fs__Incertae_Sedis;g__Zostera	0.9634231691395937
ASV_18S_74	d__Eukaryota	0.9971426080138781
ASV_18S_76	d__Eukaryota;k__Stramenopiles;p__Labyrinthulomycetes;c__Labyrinthulomycetes;o__Labyrinthulomycetes;os__Labyrinthulomycetes;f__Thraustochytriaceae;fs__Thraustochytriaceae;g__Aplanochytrium	0.9999912046071109
ASV_18S_77	d__Eukaryota;k__Rhodophyceae;p__Compsopogonales;c__Compsopogonales;o__Compsopogonales;os__Compsopogonales;f__Compsopogonales;fs__Compsopogonales;g__Smithora	0.9015639816696412
ASV_18S_78	d__Eukaryota	0.9912088387442917
ASV_18S_82	d__Eukaryota;k__Stramenopiles;p__Labyrinthulomycetes;c__Labyrinthulomycetes;o__Labyrinthulomycetes;os__Labyrinthulomycetes;f__Thraustochytriaceae;fs__Thraustochytriaceae;g__Aplanochytrium	0.9999702704380157
ASV_18S_84	d__Eukaryota;k__Stramenopiles;p__Labyrinthulomycetes;c__Labyrinthulomycetes;o__Labyrinthulomycetes;os__Labyrinthulomycetes;f__Thraustochytriaceae;fs__Thraustochytriaceae;g__Aplanochytrium	0.9999886926044981
ASV_18S_85	d__Eukaryota;k__Chloroplastida;p__Phragmoplastophyta;c__Embryophyta;o__Liliopsida;os__Incertae_Sedis;f__Incertae_Sedis;fs__Incertae_Sedis;g__Zostera	0.9640061462541516
ASV_18S_92	d__Eukaryota;k__Stramenopiles;p__Labyrinthulomycetes;c__Labyrinthulomycetes;o__Labyrinthulomycetes;os__Labyrinthulomycetes;f__Labyrinthulaceae;fs__Labyrinthulaceae;g__Labyrinthula	0.9707678430043412
ASV_18S_101	d__Eukaryota;k__Stramenopiles;p__Labyrinthulomycetes	0.9882442594165692
ASV_18S_104	d__Eukaryota;k__Stramenopiles;p__Labyrinthulomycetes;c__Labyrinthulomycetes;o__Labyrinthulomycetes;os__Labyrinthulomycetes;f__Thraustochytriaceae;fs__Thraustochytriaceae;g__Aplanochytrium	0.9999882608394546
ASV_18S_106	d__Eukaryota;k__Stramenopiles;p__Labyrinthulomycetes;c__Labyrinthulomycetes;o__Labyrinthulomycetes;os__Labyrinthulomycetes;f__Labyrinthulaceae;fs__Labyrinthulaceae;g__Labyrinthula	0.9999871892935105
ASV_18S_115	d__Eukaryota;k__Stramenopiles;p__Labyrinthulomycetes;c__Labyrinthulomycetes;o__Labyrinthulomycetes;os__Labyrinthulomycetes;f__Thraustochytriaceae;fs__Thraustochytriaceae;g__Aplanochytrium	0.999979078691019
ASV_18S_118	d__Eukaryota;k__Stramenopiles;p__Labyrinthulomycetes;c__Labyrinthulomycetes;o__Labyrinthulomycetes;os__Labyrinthulomycetes;f__Thraustochytriaceae;fs__Thraustochytriaceae;g__Aplanochytrium	0.9998904173286794
ASV_18S_120	d__Eukaryota	0.9952772393411948
ASV_18S_122	Unassigned	0.3387308494739535
ASV_18S_123	d__Eukaryota;k__Stramenopiles;p__Labyrinthulomycetes;c__Labyrinthulomycetes;o__Labyrinthulomycetes;os__Labyrinthulomycetes;f__Thraustochytriaceae;fs__Thraustochytriaceae;g__Aplanochytrium	0.99992920634124
ASV_18S_126	d__Eukaryota;k__Stramenopiles;p__Labyrinthulomycetes;c__Labyrinthulomycetes;o__Labyrinthulomycetes;os__Labyrinthulomycetes;f__Thraustochytriaceae;fs__Thraustochytriaceae;g__Aplanochytrium	0.9999664292554015
ASV_18S_129	d__Eukaryota;k__Stramenopiles	0.7231538800615953
ASV_18S_130	d__Eukaryota;k__Stramenopiles;p__Labyrinthulomycetes;c__Labyrinthulomycetes;o__Labyrinthulomycetes;os__Labyrinthulomycetes;f__Labyrinthulaceae;fs__Labyrinthulaceae;g__Labyrinthula	0.9769494644415065
ASV_18S_132	d__Bacteria;k__Bacteria	0.7675414557669225
ASV_18S_133	d__Eukaryota	0.9952544690312515
ASV_18S_145	d__Eukaryota;k__Stramenopiles;p__Labyrinthulomycetes;c__Labyrinthulomycetes;o__Labyrinthulomycetes;os__Labyrinthulomycetes;f__Thraustochytriaceae;fs__Thraustochytriaceae;g__Aplanochytrium	0.9999906801495814
ASV_18S_155	d__Eukaryota;k__Chloroplastida;p__Chlorophyta;c__Ulvophyceae;o__Ulvales;os__Ulvales;f__Ulvales;fs__Ulvales;g__Ulva	0.9996120377108275
ASV_18S_161	d__Eukaryota;k__Stramenopiles;p__Labyrinthulomycetes;c__Labyrinthulomycetes;o__Labyrinthulomycetes;os__Labyrinthulomycetes;f__Labyrinthulaceae;fs__Labyrinthulaceae;g__Labyrinthula	0.9705934788727507
ASV_18S_163	d__Eukaryota;k__Chloroplastida;p__Phragmoplastophyta;c__Embryophyta;o__Liliopsida;os__Incertae_Sedis;f__Incertae_Sedis;fs__Incertae_Sedis;g__Zostera	0.932040035418391
ASV_18S_165	d__Eukaryota	0.9919917893497228
ASV_18S_173	d__Eukaryota;k__Stramenopiles;p__Diatomea;c__Mediophyceae;o__Mediophyceae;os__Mediophyceae;f__Mediophyceae;fs__Mediophyceae	0.8444101320766162
ASV_18S_175	Unassigned	0.36037249739366883
ASV_18S_178	d__Eukaryota;k__Stramenopiles;p__Labyrinthulomycetes;c__Labyrinthulomycetes;o__Labyrinthulomycetes;os__Labyrinthulomycetes;f__Thraustochytriaceae;fs__Thraustochytriaceae;g__Aplanochytrium	0.9994392965641199
ASV_18S_180	d__Eukaryota;k__Stramenopiles;p__Labyrinthulomycetes;c__Labyrinthulomycetes;o__Labyrinthulomycetes;os__Labyrinthulomycetes;f__Labyrinthulaceae;fs__Labyrinthulaceae;g__Labyrinthula	0.9331210960999697
ASV_18S_183	d__Eukaryota;k__Stramenopiles;p__Labyrinthulomycetes;c__Labyrinthulomycetes;o__Labyrinthulomycetes;os__Labyrinthulomycetes;f__Labyrinthulaceae;fs__Labyrinthulaceae;g__Labyrinthula	0.9999271829971365
ASV_18S_209	d__Eukaryota	0.9888624797891066
ASV_18S_217	d__Eukaryota;k__Alveolata;p__Protalveolata;c__Syndiniales;o__Syndiniales;os__Syndiniales;f__Syndiniales_Group_II;fs__Syndiniales_Group_II;g__Syndiniales_Group_II	0.8692122125387274
ASV_18S_220	d__Bacteria;k__Bacteria;p__Proteobacteria;c__Alphaproteobacteria;o__Rickettsiales;os__Rickettsiales;f__Mitochondria;fs__Mitochondria;g__Mitochondria	0.8887856176732413
ASV_18S_226	d__Eukaryota;k__Stramenopiles;p__Labyrinthulomycetes;c__Labyrinthulomycetes;o__Labyrinthulomycetes;os__Labyrinthulomycetes;f__Thraustochytriaceae;fs__Thraustochytriaceae;g__Aplanochytrium	0.9997113650350858
ASV_18S_239	d__Eukaryota;k__Stramenopiles;p__Labyrinthulomycetes;c__Labyrinthulomycetes;o__Labyrinthulomycetes;os__Labyrinthulomycetes;f__Labyrinthulaceae;fs__Labyrinthulaceae;g__Labyrinthula	0.9533882701057603
ASV_18S_241	Unassigned	0.7961131560964825
ASV_18S_248	Unassigned	0.32544207846096884
ASV_18S_257	d__Eukaryota;k__Stramenopiles;p__Labyrinthulomycetes;c__Labyrinthulomycetes;o__Labyrinthulomycetes;os__Labyrinthulomycetes;f__Thraustochytriaceae;fs__Thraustochytriaceae;g__Aplanochytrium	0.9998827391617141
ASV_18S_270	d__Bacteria;k__Bacteria;p__Proteobacteria;c__Alphaproteobacteria;o__Rickettsiales;os__Rickettsiales;f__Mitochondria;fs__Mitochondria;g__Mitochondria	0.7832121317415112
ASV_18S_279	d__Eukaryota;k__Stramenopiles;p__Diatomea;c__Bacillariophyceae;o__Bacillariophyceae;os__Bacillariophyceae;f__Bacillariophyceae;fs__Bacillariophyceae;g__Cocconeis	0.9987932095993447
ASV_18S_283	d__Eukaryota	0.9765596308253404
ASV_18S_299	d__Eukaryota;k__Chloroplastida;p__Chlorophyta;c__Ulvophyceae;o__Ulvales;os__Ulvales;f__Ulvales;fs__Ulvales;g__Ulvella	0.9264309598479727
ASV_18S_300	d__Eukaryota	0.9953459150495516
ASV_18S_306	d__Eukaryota	0.9845934693793311
ASV_18S_327	d__Bacteria;k__Bacteria;p__Proteobacteria;c__Alphaproteobacteria;o__Rickettsiales;os__Rickettsiales;f__Mitochondria;fs__Mitochondria;g__Mitochondria	0.7724705694298887
ASV_18S_331	d__Eukaryota	0.9825084749501867
ASV_18S_334	Unassigned	0.35767209364437846
ASV_18S_344	d__Eukaryota;k__Stramenopiles;p__Labyrinthulomycetes;c__Labyrinthulomycetes;o__Labyrinthulomycetes;os__Labyrinthulomycetes;f__Thraustochytriaceae;fs__Thraustochytriaceae;g__Aplanochytrium	0.9998183960376404
ASV_18S_355	d__Bacteria;k__Bacteria;p__Proteobacteria;c__Alphaproteobacteria;o__Rickettsiales;os__Rickettsiales;f__Mitochondria;fs__Mitochondria;g__Mitochondria	0.9644385808113445
ASV_18S_364	Unassigned	0.44869747705072716
ASV_18S_387	d__Eukaryota;k__Stramenopiles;p__Labyrinthulomycetes;c__Labyrinthulomycetes;o__Labyrinthulomycetes;os__Labyrinthulomycetes;f__Thraustochytriaceae;fs__Thraustochytriaceae;g__Aplanochytrium	0.995815181879138
ASV_18S_396	d__Eukaryota;k__Stramenopiles;p__Labyrinthulomycetes;c__Labyrinthulomycetes;o__Labyrinthulomycetes;os__Labyrinthulomycetes;f__Thraustochytriaceae;fs__Thraustochytriaceae;g__Aplanochytrium	0.9998157329056552
ASV_18S_416	d__Bacteria;k__Bacteria;p__Proteobacteria;c__Alphaproteobacteria;o__Rickettsiales;os__Rickettsiales;f__Mitochondria;fs__Mitochondria;g__Mitochondria	0.7505274364893425
ASV_18S_438	d__Eukaryota;k__Stramenopiles;p__Labyrinthulomycetes;c__Labyrinthulomycetes;o__Labyrinthulomycetes;os__Labyrinthulomycetes;f__Labyrinthulaceae;fs__Labyrinthulaceae;g__Labyrinthula	0.9850995894299295
ASV_18S_507	d__Bacteria;k__Bacteria;p__Proteobacteria;c__Alphaproteobacteria;o__Rickettsiales;os__Rickettsiales;f__Mitochondria;fs__Mitochondria;g__Mitochondria	0.966952984091041
ASV_18S_520	d__Bacteria;k__Bacteria;p__Proteobacteria;c__Alphaproteobacteria;o__Rickettsiales;os__Rickettsiales;f__Mitochondria;fs__Mitochondria;g__Mitochondria	0.9291387076994787
ASV_18S_523	d__Bacteria;k__Bacteria;p__Proteobacteria;c__Alphaproteobacteria;o__Rickettsiales;os__Rickettsiales;f__Mitochondria;fs__Mitochondria;g__Mitochondria	0.8415461754045735
ASV_18S_541	d__Eukaryota;k__Chloroplastida;p__Phragmoplastophyta;c__Embryophyta;o__Liliopsida;os__Incertae_Sedis;f__Incertae_Sedis;fs__Incertae_Sedis;g__Zostera	0.9605870046014372
ASV_18S_582	d__Eukaryota;k__Stramenopiles;p__Labyrinthulomycetes;c__Labyrinthulomycetes;o__Labyrinthulomycetes;os__Labyrinthulomycetes;f__Labyrinthulaceae;fs__Labyrinthulaceae;g__Labyrinthula	0.9910737300889738
ASV_18S_616	d__Eukaryota;k__Stramenopiles;p__Labyrinthulomycetes;c__Labyrinthulomycetes;o__Labyrinthulomycetes;os__Labyrinthulomycetes;f__Labyrinthulaceae;fs__Labyrinthulaceae;g__Labyrinthula	0.9503433378544555
ASV_18S_620	Unassigned	0.3523931631142596
ASV_18S_633	Unassigned	0.3575243626748028
ASV_18S_639	Unassigned	0.4817130456788522
ASV_18S_642	d__Bacteria;k__Bacteria;p__Proteobacteria;c__Alphaproteobacteria;o__Rickettsiales;os__Rickettsiales;f__Mitochondria;fs__Mitochondria;g__Mitochondria	0.7073333888244717
ASV_18S_645	d__Eukaryota;k__Stramenopiles;p__Labyrinthulomycetes;c__Labyrinthulomycetes;o__Labyrinthulomycetes;os__Labyrinthulomycetes;f__Labyrinthulaceae;fs__Labyrinthulaceae;g__Labyrinthula	0.9631990489605168
ASV_18S_699	d__Eukaryota;k__Stramenopiles;p__Labyrinthulomycetes;c__Labyrinthulomycetes;o__Labyrinthulomycetes;os__Labyrinthulomycetes;f__Thraustochytriaceae;fs__Thraustochytriaceae;g__Aplanochytrium	0.9997353693910015
ASV_18S_704	Unassigned	0.45617546764660477
ASV_18S_710	d__Eukaryota;k__Chloroplastida;p__Phragmoplastophyta;c__Embryophyta;o__Liliopsida;os__Incertae_Sedis;f__Incertae_Sedis;fs__Incertae_Sedis;g__Zostera	0.9575768235945397
ASV_18S_713	d__Bacteria;k__Bacteria;p__Proteobacteria;c__Alphaproteobacteria;o__Rickettsiales;os__Rickettsiales;f__Mitochondria;fs__Mitochondria;g__Mitochondria	0.8520602197310293
ASV_18S_733	Unassigned	0.3412677264406355
ASV_18S_744	Unassigned	0.44489761601754785
ASV_18S_769	d__Eukaryota;k__Animalia;p__Cnidaria;c__Myxozoa;o__Bivalvulida;os__Bivalvulida;f__Bivalvulida;fs__Bivalvulida;g__Bivalvulida	0.763863140073494
ASV_18S_772	Unassigned	0.5099527923945517
ASV_18S_789	d__Bacteria;k__Bacteria	0.8549296663993078
ASV_18S_799	Unassigned	0.48847789620090876
ASV_18S_807	d__Eukaryota;k__Stramenopiles;p__Diatomea;c__Mediophyceae;o__Mediophyceae;os__Mediophyceae;f__Mediophyceae;fs__Mediophyceae	0.9999963246801781
ASV_18S_823	Unassigned	0.48932524244635955
ASV_18S_850	d__Bacteria;k__Bacteria;p__Proteobacteria;c__Alphaproteobacteria;o__Rickettsiales;os__Rickettsiales;f__Mitochondria;fs__Mitochondria;g__Mitochondria	0.8161156553668256
ASV_18S_854	Unassigned	0.40521515208200776
ASV_18S_868	d__Eukaryota;k__Holozoa;p__Holozoa;c__Filasterea;o__Ministeriida;os__Ministeriida;f__Capsasporidae;fs__Capsasporidae;g__Marine_Group	0.9576089423678437
ASV_18S_872	d__Eukaryota;k__Holozoa;p__Holozoa;c__Filasterea;o__Ministeriida;os__Ministeriida;f__Capsasporidae;fs__Capsasporidae;g__Marine_Group	0.9758543651788624
ASV_18S_886	d__Eukaryota	0.9941436578515516
ASV_18S_901	Unassigned	0.4995807773272123
ASV_18S_903	d__Eukaryota;k__Stramenopiles;p__Diatomea;c__Bacillariophyceae;o__Bacillariophyceae;os__Bacillariophyceae;f__Bacillariophyceae;fs__Bacillariophyceae	0.9702033705853239
ASV_18S_906	d__Eukaryota;k__Stramenopiles;p__Labyrinthulomycetes;c__Labyrinthulomycetes;o__Labyrinthulomycetes;os__Labyrinthulomycetes;f__Thraustochytriaceae;fs__Thraustochytriaceae;g__Aplanochytrium	0.986642250389802
ASV_18S_912	d__Eukaryota;k__Stramenopiles;p__Ochrophyta;c__Phaeophyceae;o__Ectocarpales;os__Ectocarpales;f__Ectocarpales;fs__Ectocarpales	0.9434313489898231
ASV_18S_925	d__Eukaryota;k__Chloroplastida;p__Phragmoplastophyta;c__Embryophyta;o__Liliopsida;os__Incertae_Sedis;f__Incertae_Sedis;fs__Incertae_Sedis;g__Zostera	0.9580348701395407
ASV_18S_929	Unassigned	0.627545674217928
ASV_18S_934	Unassigned	0.3300696528593513
ASV_18S_944	d__Eukaryota	0.8015817385582035
ASV_18S_948	d__Eukaryota;k__Stramenopiles;p__Labyrinthulomycetes	0.9679174478148993
ASV_18S_951	d__Bacteria;k__Bacteria;p__Proteobacteria;c__Alphaproteobacteria;o__Rickettsiales;os__Rickettsiales;f__Mitochondria;fs__Mitochondria;g__Mitochondria	0.7567387584532788
ASV_18S_966	Unassigned	0.3289864624929246
ASV_18S_976	d__Bacteria;k__Bacteria;p__Proteobacteria;c__Alphaproteobacteria;o__Rickettsiales;os__Rickettsiales;f__Mitochondria;fs__Mitochondria;g__Mitochondria	0.7836240994462584
ASV_18S_987	d__Eukaryota;k__Stramenopiles;p__Labyrinthulomycetes;c__Labyrinthulomycetes;o__Labyrinthulomycetes;os__Labyrinthulomycetes;f__Labyrinthulaceae;fs__Labyrinthulaceae;g__Labyrinthula	0.9999940840599691
ASV_18S_990	Unassigned	0.30903127560125565
ASV_18S_997	Unassigned	0.3796280851273104
ASV_18S_1007	d__Eukaryota	0.9948673626037651
ASV_18S_1013	d__Eukaryota;k__Alveolata;p__Dinoflagellata;c__Dinophyceae;o__Gonyaulacales;os__Gonyaulacales;f__Gonyaulacales;fs__Gonyaulacales;g__Alexandrium	0.9999367394700313
ASV_18S_1022	d__Eukaryota;k__Stramenopiles;p__Labyrinthulomycetes;c__Labyrinthulomycetes;o__Labyrinthulomycetes;os__Labyrinthulomycetes;f__Thraustochytriaceae;fs__Thraustochytriaceae;g__Aplanochytrium	0.999890635836665
ASV_18S_1035	Unassigned	0.9501008598164522
ASV_18S_1046	d__Bacteria;k__Bacteria;p__Proteobacteria;c__Alphaproteobacteria;o__Rickettsiales;os__Rickettsiales;f__Mitochondria;fs__Mitochondria;g__Mitochondria	0.787504491791676
ASV_18S_1048	d__Bacteria;k__Bacteria;p__Proteobacteria;c__Alphaproteobacteria;o__Rickettsiales;os__Rickettsiales;f__Mitochondria;fs__Mitochondria;g__Mitochondria	0.8036928157541949
ASV_18S_1056	Unassigned	0.46042196437506433
ASV_18S_1070	d__Eukaryota;k__Animalia	0.8399080968641538
ASV_18S_1077	Unassigned	0.44623654600819895
ASV_18S_1115	Unassigned	0.4061906815239753
ASV_18S_1124	d__Bacteria;k__Bacteria;p__Proteobacteria;c__Alphaproteobacteria;o__Rickettsiales;os__Rickettsiales;f__Mitochondria;fs__Mitochondria;g__Mitochondria	0.8070136788483456
ASV_18S_1125	d__Eukaryota;k__Chloroplastida;p__Chlorophyta;c__Ulvophyceae;o__Ulvales;os__Ulvales;f__Ulvales;fs__Ulvales;g__Ulva	0.9992165191516917
ASV_18S_1126	d__Bacteria;k__Bacteria;p__Proteobacteria;c__Alphaproteobacteria;o__Rickettsiales;os__Rickettsiales;f__Mitochondria;fs__Mitochondria;g__Mitochondria	0.7112123505366492
ASV_18S_1138	d__Eukaryota;k__Stramenopiles;p__Labyrinthulomycetes;c__Labyrinthulomycetes;o__Labyrinthulomycetes;os__Labyrinthulomycetes;f__Thraustochytriaceae;fs__Thraustochytriaceae;g__Aplanochytrium	0.999993648580604
ASV_18S_1153	d__Eukaryota;k__Stramenopiles;p__Labyrinthulomycetes;c__Labyrinthulomycetes;o__Labyrinthulomycetes;os__Labyrinthulomycetes;f__Labyrinthulaceae;fs__Labyrinthulaceae;g__Labyrinthula	0.9998539406731881
ASV_18S_1164	d__Eukaryota	0.9934617627583822
ASV_18S_1185	d__Eukaryota	0.9949304014836197
ASV_18S_1187	Unassigned	0.33526666609467526
ASV_18S_1192	d__Bacteria;k__Bacteria;p__Proteobacteria;c__Alphaproteobacteria;o__Rickettsiales;os__Rickettsiales;f__Mitochondria;fs__Mitochondria;g__Mitochondria	0.7435894434947667
ASV_18S_1196	d__Bacteria;k__Bacteria	0.7715607811780348
ASV_18S_1200	Unassigned	0.549288015249348
ASV_18S_1203	d__Eukaryota;k__Animalia;p__Cnidaria;c__Myxozoa;o__Bivalvulida;os__Bivalvulida;f__Bivalvulida;fs__Bivalvulida;g__Bivalvulida	0.7414259438247788
ASV_18S_1208	d__Bacteria;k__Bacteria	0.8389952182538017
ASV_18S_1209	Unassigned	0.39046210487067423
ASV_18S_1266	d__Bacteria;k__Bacteria	0.8606596105659806
ASV_18S_1270	d__Eukaryota;k__Animalia;p__Cnidaria;c__Hydrozoa;o__Leptothecata;os__Leptothecata;f__Leptothecata;fs__Leptothecata;g__Leptothecata	0.9934799585223479
ASV_18S_1278	d__Eukaryota;k__Chloroplastida;p__Phragmoplastophyta;c__Embryophyta;o__Liliopsida;os__Incertae_Sedis;f__Incertae_Sedis;fs__Incertae_Sedis;g__Zostera	0.9535000577295007
ASV_18S_1280	d__Bacteria;k__Bacteria;p__Proteobacteria;c__Alphaproteobacteria;o__Rickettsiales;os__Rickettsiales;f__Mitochondria;fs__Mitochondria;g__Mitochondria	0.8011601255619328
ASV_18S_1283	d__Eukaryota;k__Stramenopiles;p__Labyrinthulomycetes;c__Labyrinthulomycetes;o__Labyrinthulomycetes;os__Labyrinthulomycetes;f__Thraustochytriaceae;fs__Thraustochytriaceae;g__Aplanochytrium	0.9997161007450834
ASV_18S_1296	d__Eukaryota	0.9985344963622073
ASV_18S_1298	Unassigned	0.5447341049497558
ASV_18S_1305	d__Eukaryota;k__Stramenopiles;p__Diatomea;c__Bacillariophyceae;o__Bacillariophyceae;os__Bacillariophyceae;f__Bacillariophyceae;fs__Bacillariophyceae;g__Cylindrotheca	0.7332033705765514
ASV_18S_1308	Unassigned	0.5510821018527402
ASV_18S_1347	Unassigned	0.35037633263982615
ASV_18S_1351	d__Eukaryota;k__Stramenopiles;p__Labyrinthulomycetes;c__Labyrinthulomycetes;o__Labyrinthulomycetes;os__Labyrinthulomycetes;f__Labyrinthulaceae;fs__Labyrinthulaceae;g__Labyrinthula	0.9447349652957668
ASV_18S_1370	Unassigned	0.5555752079293155
ASV_18S_1375	d__Eukaryota;k__Chloroplastida;p__Phragmoplastophyta;c__Embryophyta;o__Liliopsida;os__Incertae_Sedis;f__Incertae_Sedis;fs__Incertae_Sedis;g__Zostera	0.9685792014761053
ASV_18S_1376	d__Bacteria;k__Bacteria;p__Proteobacteria;c__Alphaproteobacteria;o__Rickettsiales;os__Rickettsiales;f__Mitochondria;fs__Mitochondria;g__Mitochondria	0.7633334694537537
ASV_18S_1379	d__Eukaryota;k__Animalia;p__Cnidaria;c__Myxozoa;o__Bivalvulida;os__Bivalvulida;f__Bivalvulida;fs__Bivalvulida;g__Bivalvulida	0.7256346243144315
ASV_18S_1383	Unassigned	0.961461543694595
ASV_18S_1387	d__Eukaryota;k__Chloroplastida;p__Phragmoplastophyta;c__Embryophyta;o__Liliopsida;os__Incertae_Sedis;f__Incertae_Sedis;fs__Incertae_Sedis;g__Zostera	0.9654509835970371
ASV_18S_1392	Unassigned	0.4247935575352897
ASV_18S_1396	d__Eukaryota;k__Stramenopiles;p__Labyrinthulomycetes;c__Labyrinthulomycetes;o__Labyrinthulomycetes;os__Labyrinthulomycetes;f__Thraustochytriaceae;fs__Thraustochytriaceae;g__Aplanochytrium	0.9999694787944188
ASV_18S_1405	Unassigned	0.3355909018897977
ASV_18S_1408	Unassigned	0.3910236898056402
ASV_18S_1415	d__Eukaryota	0.9999196980458335
ASV_18S_1418	Unassigned	0.4581589404724242
ASV_18S_1420	Unassigned	0.4878624995201829
ASV_18S_1428	Unassigned	0.6116571594493787
ASV_18S_1429	Unassigned	0.34717744253905747
ASV_18S_1442	d__Eukaryota;k__Chloroplastida;p__Chlorophyta;c__Ulvophyceae;o__Ulvales;os__Ulvales;f__Ulvales;fs__Ulvales;g__Ulvella	0.9701349230219117
ASV_18S_1451	d__Eukaryota	0.9888107875318001
ASV_18S_1460	Unassigned	0.4954695217218896
ASV_18S_1461	d__Bacteria;k__Bacteria;p__Proteobacteria;c__Alphaproteobacteria;o__Rickettsiales;os__Rickettsiales;f__Mitochondria;fs__Mitochondria;g__Mitochondria	0.8092178436788153
ASV_18S_1463	Unassigned	0.36820110048593513
ASV_18S_1537	Unassigned	0.39897831872445
ASV_18S_1546	Unassigned	0.4670961965104451
ASV_18S_1558	d__Bacteria;k__Bacteria;p__Proteobacteria;c__Alphaproteobacteria;o__Rickettsiales;os__Rickettsiales;f__Mitochondria;fs__Mitochondria;g__Mitochondria	0.7146775399086779
ASV_18S_1568	Unassigned	0.31328125103369486
ASV_18S_1570	Unassigned	0.34178144280831235
ASV_18S_1571	d__Eukaryota	0.9837408820678107
ASV_18S_1573	d__Eukaryota	0.9981072013486176
ASV_18S_1574	Unassigned	0.36855741379120066
ASV_18S_1577	Unassigned	0.5164180327740524
ASV_18S_1586	d__Eukaryota;k__Chloroplastida;p__Chlorophyta;c__Ulvophyceae;o__Ulvales;os__Ulvales;f__Ulvales;fs__Ulvales;g__Ulvella	0.9163814513894925
ASV_18S_1608	d__Bacteria;k__Bacteria	0.7063656895773948
ASV_18S_1614	d__Eukaryota;k__Chloroplastida;p__Phragmoplastophyta;c__Embryophyta;o__Liliopsida;os__Incertae_Sedis;f__Incertae_Sedis;fs__Incertae_Sedis;g__Zostera	0.9624278137901148
ASV_18S_1618	Unassigned	0.39161215938239224
ASV_18S_1620	d__Eukaryota;k__Stramenopiles;p__Labyrinthulomycetes;c__Labyrinthulomycetes;o__Labyrinthulomycetes;os__Labyrinthulomycetes;f__Thraustochytriaceae;fs__Thraustochytriaceae;g__Aplanochytrium	0.9999767486387139
ASV_18S_1626	d__Bacteria;k__Bacteria	0.7163971028669626
ASV_18S_1632	Unassigned	0.5205954421393331
ASV_18S_1639	Unassigned	0.5410594880040136
ASV_18S_1642	Unassigned	0.5326163876845245
ASV_18S_1644	d__Bacteria;k__Bacteria;p__Proteobacteria;c__Alphaproteobacteria;o__Rickettsiales;os__Rickettsiales;f__Mitochondria;fs__Mitochondria;g__Mitochondria	0.7918974968703113
ASV_18S_1646	d__Eukaryota;k__Chloroplastida;p__Phragmoplastophyta;c__Embryophyta	0.8818574611248489
ASV_18S_1654	d__Bacteria;k__Bacteria;p__Proteobacteria;c__Alphaproteobacteria;o__Rickettsiales;os__Rickettsiales;f__Mitochondria;fs__Mitochondria;g__Mitochondria	0.8790265030546182
ASV_18S_1655	d__Bacteria;k__Bacteria;p__Proteobacteria;c__Alphaproteobacteria;o__Rickettsiales;os__Rickettsiales;f__Mitochondria;fs__Mitochondria;g__Mitochondria	0.8075921830529874
ASV_18S_1664	d__Eukaryota;k__Stramenopiles;p__Labyrinthulomycetes;c__Labyrinthulomycetes;o__Labyrinthulomycetes;os__Labyrinthulomycetes;f__Labyrinthulaceae;fs__Labyrinthulaceae;g__Labyrinthula	0.9519916129028679
ASV_18S_1682	Unassigned	0.7914878415969527
ASV_18S_1691	Unassigned	0.5338148992065254
ASV_18S_1698	Unassigned	0.41229391181714936
ASV_18S_1703	Unassigned	0.30387265833276556
ASV_18S_1707	d__Eukaryota;k__Stramenopiles;p__Ochrophyta;c__Phaeophyceae;o__Ectocarpales;os__Ectocarpales;f__Ectocarpales;fs__Ectocarpales	0.9340127655718914
ASV_18S_1710	Unassigned	0.40028107248557
ASV_18S_1712	d__Eukaryota	0.994261325227386
ASV_18S_1713	d__Eukaryota	0.9918816445924301
ASV_18S_1716	d__Eukaryota;k__Stramenopiles;p__Labyrinthulomycetes;c__Labyrinthulomycetes;o__Labyrinthulomycetes;os__Labyrinthulomycetes;f__Thraustochytriaceae;fs__Thraustochytriaceae;g__Aplanochytrium	0.9999744255119494
ASV_18S_1721	d__Eukaryota;k__Animalia	0.7923920096130492
ASV_18S_1723	Unassigned	0.46528742962386804
ASV_18S_1724	Unassigned	0.529262237618717
ASV_18S_1728	d__Eukaryota;k__Rhodophyceae;p__Compsopogonales;c__Compsopogonales;o__Compsopogonales;os__Compsopogonales;f__Compsopogonales;fs__Compsopogonales;g__Smithora	0.9571473665090765
ASV_18S_1747	d__Eukaryota;k__Stramenopiles;p__Labyrinthulomycetes;c__Labyrinthulomycetes;o__Labyrinthulomycetes;os__Labyrinthulomycetes;f__Labyrinthulaceae;fs__Labyrinthulaceae;g__Labyrinthula	0.9650835643290793
ASV_18S_1751	d__Bacteria;k__Bacteria;p__Proteobacteria;c__Alphaproteobacteria;o__Rickettsiales;os__Rickettsiales;f__Mitochondria;fs__Mitochondria;g__Mitochondria	0.7883681297640541
ASV_18S_1752	Unassigned	0.763431482171758
ASV_18S_1759	d__Bacteria;k__Bacteria	0.7413884735139357
ASV_18S_1763	d__Eukaryota;k__Stramenopiles;p__Labyrinthulomycetes;c__Labyrinthulomycetes;o__Labyrinthulomycetes;os__Labyrinthulomycetes;f__Labyrinthulaceae;fs__Labyrinthulaceae;g__Labyrinthula	0.9999949521626167
ASV_18S_1768	Unassigned	0.5348339763019689
ASV_18S_1776	d__Eukaryota;k__Rhodophyceae;p__Compsopogonales;c__Compsopogonales;o__Compsopogonales;os__Compsopogonales;f__Compsopogonales;fs__Compsopogonales;g__Smithora	0.9338039360418089
ASV_18S_1778	d__Eukaryota;k__Chloroplastida;p__Phragmoplastophyta;c__Embryophyta;o__Liliopsida;os__Incertae_Sedis;f__Incertae_Sedis;fs__Incertae_Sedis;g__Zostera	0.9753176223913956
ASV_18S_1780	d__Eukaryota;k__Stramenopiles;p__Labyrinthulomycetes;c__Labyrinthulomycetes;o__Labyrinthulomycetes;os__Labyrinthulomycetes;f__Thraustochytriaceae;fs__Thraustochytriaceae;g__Aplanochytrium	0.9999764736135508
ASV_18S_1783	d__Bacteria;k__Bacteria	0.792514160669492
ASV_18S_1789	d__Bacteria;k__Bacteria;p__Proteobacteria;c__Alphaproteobacteria;o__Rickettsiales;os__Rickettsiales;f__Mitochondria;fs__Mitochondria;g__Mitochondria	0.8341180090566795
ASV_18S_1792	Unassigned	0.5262000379546394
ASV_18S_1794	d__Bacteria;k__Bacteria	0.7172341044850872
ASV_18S_1806	d__Eukaryota;k__Chloroplastida;p__Phragmoplastophyta;c__Embryophyta;o__Liliopsida;os__Incertae_Sedis;f__Incertae_Sedis;fs__Incertae_Sedis;g__Zostera	0.965954754767347
ASV_18S_1814	Unassigned	0.41086833660084765
ASV_18S_1815	Unassigned	0.4409599345664351
ASV_18S_1819	d__Eukaryota;k__Stramenopiles;p__Labyrinthulomycetes;c__Labyrinthulomycetes;o__Labyrinthulomycetes;os__Labyrinthulomycetes;f__Thraustochytriaceae;fs__Thraustochytriaceae;g__Aplanochytrium	0.9928964301913622
ASV_18S_1826	Unassigned	0.34087578313231104
ASV_18S_1830	d__Eukaryota;k__Chloroplastida;p__Phragmoplastophyta;c__Embryophyta;o__Liliopsida;os__Incertae_Sedis;f__Incertae_Sedis;fs__Incertae_Sedis;g__Zostera	0.9661216383632197
ASV_18S_1834	Unassigned	0.3790739284325003
ASV_18S_1836	d__Bacteria;k__Bacteria;p__Proteobacteria;c__Alphaproteobacteria;o__Rickettsiales;os__Rickettsiales;f__Mitochondria;fs__Mitochondria;g__Mitochondria	0.7525504550274401
ASV_18S_1841	d__Eukaryota;k__Chloroplastida;p__Phragmoplastophyta;c__Embryophyta;o__Liliopsida;os__Incertae_Sedis;f__Incertae_Sedis;fs__Incertae_Sedis;g__Zostera	0.9713500447764336
ASV_18S_1842	d__Eukaryota;k__Chloroplastida;p__Phragmoplastophyta;c__Embryophyta;o__Liliopsida;os__Incertae_Sedis;f__Incertae_Sedis;fs__Incertae_Sedis;g__Zostera	0.9553347618122191
ASV_18S_1846	Unassigned	0.3431808665187218
ASV_18S_1848	Unassigned	0.39216830107257905
ASV_18S_1859	Unassigned	0.7244469420977211
ASV_18S_1860	Unassigned	0.31553469060507733
ASV_18S_1866	d__Bacteria;k__Bacteria;p__Proteobacteria;c__Alphaproteobacteria;o__Rickettsiales;os__Rickettsiales;f__Mitochondria;fs__Mitochondria;g__Mitochondria	0.8660323307023954
ASV_18S_1869	d__Eukaryota;k__Alveolata;p__Protalveolata;c__Syndiniales;o__Syndiniales;os__Syndiniales;f__Syndiniales_Group_II;fs__Syndiniales_Group_II;g__Syndiniales_Group_II	0.9457627576167167
ASV_18S_1872	Unassigned	0.36469778066321734
ASV_18S_1873	Unassigned	0.5554767433434572
ASV_18S_1881	d__Eukaryota;k__Stramenopiles;p__Labyrinthulomycetes;c__Labyrinthulomycetes;o__Labyrinthulomycetes;os__Labyrinthulomycetes;f__Labyrinthulaceae;fs__Labyrinthulaceae;g__Labyrinthula	0.9750444351183942
ASV_18S_1882	Unassigned	0.3796177449435686
ASV_18S_1884	Unassigned	0.341039054578561
ASV_18S_1885	Unassigned	0.46904349932841927
ASV_18S_1891	d__Eukaryota	0.993196453993328
ASV_18S_1893	d__Eukaryota;k__Stramenopiles;p__Labyrinthulomycetes;c__Labyrinthulomycetes;o__Labyrinthulomycetes;os__Labyrinthulomycetes;f__Thraustochytriaceae;fs__Thraustochytriaceae;g__Aplanochytrium	0.9999786008768289
ASV_18S_1895	Unassigned	0.31093307950617965
ASV_18S_1896	Unassigned	0.3390100036880209
ASV_18S_1901	Unassigned	0.34714521625857897
ASV_18S_1902	Unassigned	0.46775655946996686
ASV_18S_1905	Unassigned	0.5499455399601454
ASV_18S_1908	d__Bacteria;k__Bacteria	0.7619962213168243
ASV_18S_1915	Unassigned	0.5388044098977329
ASV_18S_1916	Unassigned	0.4911112940773812
ASV_18S_1917	Unassigned	0.826291293761677
ASV_18S_1919	Unassigned	0.5175656249998919
ASV_18S_1922	d__Bacteria;k__Bacteria	0.7078454337607798
ASV_18S_1925	Unassigned	0.456179511620605
ASV_18S_1928	d__Bacteria;k__Bacteria;p__Proteobacteria;c__Alphaproteobacteria;o__Rickettsiales;os__Rickettsiales;f__Mitochondria;fs__Mitochondria;g__Mitochondria	0.7806406337400698
ASV_18S_1929	Unassigned	0.4271143500603328
ASV_18S_1934	Unassigned	0.47192061024692156
ASV_18S_1936	Unassigned	0.43298689897606735
ASV_18S_1937	Unassigned	0.6012798891221569
ASV_18S_1939	d__Eukaryota	0.7314206228904087
ASV_18S_1940	d__Bacteria;k__Bacteria	0.7677998046262632
ASV_18S_1941	Unassigned	0.46392591920499593
ASV_18S_1943	d__Bacteria;k__Bacteria;p__Proteobacteria;c__Alphaproteobacteria;o__Rickettsiales;os__Rickettsiales;f__Mitochondria;fs__Mitochondria;g__Mitochondria	0.9155350728026423
ASV_18S_1950	d__Bacteria;k__Bacteria;p__Proteobacteria;c__Alphaproteobacteria;o__Rickettsiales;os__Rickettsiales;f__Mitochondria;fs__Mitochondria;g__Mitochondria	0.8246596735811658
ASV_18S_1951	Unassigned	0.5711010098663719
ASV_18S_1952	d__Bacteria;k__Bacteria;p__Proteobacteria;c__Alphaproteobacteria;o__Rickettsiales;os__Rickettsiales;f__Mitochondria;fs__Mitochondria;g__Mitochondria	0.7007819428144665
ASV_18S_1953	d__Eukaryota	0.9943178671821887
ASV_18S_1957	d__Bacteria;k__Bacteria;p__Proteobacteria;c__Alphaproteobacteria;o__Rickettsiales;os__Rickettsiales;f__Mitochondria;fs__Mitochondria;g__Mitochondria	0.7473651071073799
ASV_18S_1958	d__Eukaryota	0.9997664318457736
ASV_18S_1962	Unassigned	0.5037296818271322
ASV_18S_1964	d__Bacteria;k__Bacteria;p__Proteobacteria;c__Alphaproteobacteria;o__Rickettsiales;os__Rickettsiales;f__Mitochondria;fs__Mitochondria;g__Mitochondria	0.8513858428985867
ASV_18S_1967	d__Eukaryota	0.7752714943377227
ASV_18S_1968	d__Eukaryota;k__Alveolata;p__Dinoflagellata;c__Dinophyceae;o__Gymnodiniphycidae;os__Gymnodiniphycidae;f__Gymnodinium_clade;fs__Gymnodinium_clade	0.9357235052702937
ASV_18S_1969	d__Eukaryota;k__Alveolata;p__Protalveolata;c__Syndiniales;o__Syndiniales;os__Syndiniales;f__Syndiniales;fs__Syndiniales;g__Amoebophrya	0.9992075452344437
ASV_18S_1970	d__Eukaryota;k__Chloroplastida;p__Chlorophyta;c__Ulvophyceae;o__Ulvales;os__Ulvales;f__Ulvales;fs__Ulvales;g__Ulvella	0.8342540820998046
ASV_18S_1974	Unassigned	0.5378302482252492
ASV_18S_1977	Unassigned	0.4996680786788599
ASV_18S_1978	d__Eukaryota;k__Stramenopiles;p__Labyrinthulomycetes;c__Labyrinthulomycetes;o__Labyrinthulomycetes;os__Labyrinthulomycetes;f__Thraustochytriaceae;fs__Thraustochytriaceae;g__Aplanochytrium	0.9999455070480273
ASV_18S_1982	Unassigned	0.41771337963112753
ASV_18S_1984	d__Bacteria;k__Bacteria	0.7479488328158714
ASV_18S_1985	Unassigned	0.3231663275160007
ASV_18S_1986	d__Bacteria;k__Bacteria;p__Proteobacteria;c__Alphaproteobacteria;o__Rickettsiales;os__Rickettsiales;f__Mitochondria;fs__Mitochondria;g__Mitochondria	0.8684358399852394
ASV_18S_1987	d__Bacteria;k__Bacteria;p__Proteobacteria;c__Alphaproteobacteria;o__Rickettsiales;os__Rickettsiales;f__Mitochondria;fs__Mitochondria;g__Mitochondria	0.7449884154369664
ASV_18S_1988	d__Eukaryota;k__Chloroplastida;p__Phragmoplastophyta;c__Embryophyta;o__Liliopsida;os__Incertae_Sedis;f__Incertae_Sedis;fs__Incertae_Sedis;g__Zostera	0.9745869978269112
ASV_18S_1989	Unassigned	0.37822981520004806
ASV_18S_1992	Unassigned	0.5630959841298353
ASV_18S_1994	d__Eukaryota;k__Animalia;p__Mollusca;c__Gastropoda;o__Caenogastropoda;os__Caenogastropoda;f__Caenogastropoda;fs__Caenogastropoda;g__Caenogastropoda	0.999999329805516
ASV_18S_1996	d__Eukaryota	0.7226933616096514
ASV_18S_1997	Unassigned	0.3713190220269116
ASV_18S_1998	Unassigned	0.5386145941534419
ASV_18S_2000	Unassigned	0.5253716456360484
ASV_18S_2001	d__Eukaryota;k__Chloroplastida;p__Phragmoplastophyta;c__Embryophyta;o__Liliopsida;os__Incertae_Sedis;f__Incertae_Sedis;fs__Incertae_Sedis;g__Zostera	0.9660308858407214
ASV_18S_2005	d__Bacteria;k__Bacteria;p__Proteobacteria;c__Alphaproteobacteria;o__Rickettsiales;os__Rickettsiales;f__Mitochondria;fs__Mitochondria;g__Mitochondria	0.7012078631389681
ASV_18S_2007	Unassigned	0.5336677314896932
ASV_18S_2009	Unassigned	0.44798514744554985
ASV_18S_2012	d__Bacteria;k__Bacteria;p__Proteobacteria;c__Alphaproteobacteria;o__Rickettsiales;os__Rickettsiales;f__Mitochondria;fs__Mitochondria;g__Mitochondria	0.9346223050291765
ASV_18S_2014	d__Eukaryota;k__Chloroplastida;p__Chlorophyta;c__Ulvophyceae;o__Ulvales;os__Ulvales;f__Ulvales;fs__Ulvales;g__Ulvella	0.9831591683013142
ASV_18S_2015	Unassigned	0.343120437611774
ASV_18S_2017	Unassigned	0.36208409003341924
ASV_18S_2018	d__Bacteria;k__Bacteria;p__Proteobacteria;c__Alphaproteobacteria;o__Rickettsiales;os__Rickettsiales;f__Mitochondria;fs__Mitochondria;g__Mitochondria	0.8793922636970374
ASV_18S_2020	d__Eukaryota;k__Chloroplastida;p__Chlorophyta;c__Mamiellophyceae;o__Mamiellales;os__Mamiellales;f__Mamiellales;fs__Mamiellales;g__Bathycoccus	0.9997975158879275
ASV_18S_2023	Unassigned	0.4899127407227126
ASV_18S_2024	Unassigned	0.4416105310315649
ASV_18S_2026	d__Bacteria;k__Bacteria;p__Proteobacteria;c__Alphaproteobacteria;o__Rickettsiales;os__Rickettsiales;f__Mitochondria;fs__Mitochondria;g__Mitochondria	0.8197564784862721
ASV_18S_2029	Unassigned	0.5593263449996655
ASV_18S_2032	Unassigned	0.681871299852967
ASV_18S_2035	Unassigned	0.6176293822132672
ASV_18S_2037	Unassigned	0.8122808895920995
ASV_18S_2038	d__Bacteria;k__Bacteria;p__Proteobacteria;c__Alphaproteobacteria;o__Rickettsiales;os__Rickettsiales;f__Mitochondria;fs__Mitochondria;g__Mitochondria	0.7204030012036218
ASV_18S_2039	Unassigned	0.4998435411747365
ASV_18S_2040	Unassigned	0.30517666443036573
ASV_18S_2041	d__Bacteria;k__Bacteria;p__Proteobacteria;c__Alphaproteobacteria;o__Rickettsiales;os__Rickettsiales;f__Mitochondria;fs__Mitochondria;g__Mitochondria	0.7282107256090421
ASV_18S_2042	d__Eukaryota;k__Stramenopiles;p__Labyrinthulomycetes;c__Labyrinthulomycetes;o__Labyrinthulomycetes;os__Labyrinthulomycetes;f__Thraustochytriaceae;fs__Thraustochytriaceae;g__Aplanochytrium	0.9992654518816044
ASV_18S_2044	d__Bacteria;k__Bacteria	0.8410004554073947
ASV_18S_2047	Unassigned	0.46263160445185036
ASV_18S_2049	d__Eukaryota;k__Stramenopiles;p__Labyrinthulomycetes;c__Labyrinthulomycetes;o__Labyrinthulomycetes;os__Labyrinthulomycetes;f__Thraustochytriaceae;fs__Thraustochytriaceae;g__Aplanochytrium	0.8573726048005235
ASV_18S_2051	d__Eukaryota	0.7034579360762613
ASV_18S_2052	Unassigned	0.6245583922725987
ASV_18S_2054	Unassigned	0.33606551085333813
ASV_18S_2055	d__Bacteria;k__Bacteria;p__Proteobacteria;c__Alphaproteobacteria;o__Rickettsiales;os__Rickettsiales;f__Mitochondria;fs__Mitochondria;g__Mitochondria	0.7767300276662834
ASV_18S_2056	Unassigned	0.49165809505631586
ASV_18S_2057	d__Bacteria;k__Bacteria	0.782363549511711
ASV_18S_2058	d__Bacteria;k__Bacteria	0.757544971812808
ASV_18S_2059	d__Eukaryota;k__Animalia;p__Cnidaria;c__Myxozoa;o__Bivalvulida;os__Bivalvulida;f__Bivalvulida;fs__Bivalvulida;g__Bivalvulida	0.833937853303216
ASV_18S_2061	d__Bacteria;k__Bacteria	0.7437088197335137
ASV_18S_2067	Unassigned	0.6958152709212937
ASV_18S_2071	d__Bacteria;k__Bacteria;p__Proteobacteria;c__Alphaproteobacteria;o__Rickettsiales;os__Rickettsiales;f__Mitochondria;fs__Mitochondria;g__Mitochondria	0.717031180304252
ASV_18S_2073	d__Eukaryota	0.9910331281936691
ASV_18S_2076	Unassigned	0.4270954575953798
ASV_18S_2077	d__Eukaryota;k__Chloroplastida;p__Phragmoplastophyta;c__Embryophyta	0.999861357301949
ASV_18S_2078	d__Bacteria;k__Bacteria;p__Proteobacteria;c__Alphaproteobacteria;o__Rickettsiales;os__Rickettsiales;f__Mitochondria;fs__Mitochondria;g__Mitochondria	0.9565259201345415
ASV_18S_2079	d__Bacteria;k__Bacteria	0.7277196551700121
ASV_18S_2080	d__Eukaryota;k__Alveolata;p__Protalveolata;c__Syndiniales;o__Syndiniales;os__Syndiniales;f__Syndiniales_Group_II;fs__Syndiniales_Group_II;g__Syndiniales_Group_II	0.7037912042528885
ASV_18S_2082	d__Bacteria;k__Bacteria;p__Proteobacteria;c__Alphaproteobacteria;o__Rickettsiales;os__Rickettsiales;f__Mitochondria;fs__Mitochondria;g__Mitochondria	0.9052124532565956
ASV_18S_2085	Unassigned	0.5712570915668083
ASV_18S_2086	Unassigned	0.3340997683696829
ASV_18S_2087	Unassigned	0.32656410829713145
ASV_18S_2090	d__Eukaryota	0.7868524609678469
ASV_18S_2091	Unassigned	0.5318371454271118
ASV_18S_2093	Unassigned	0.6516633996776058
ASV_18S_2094	d__Bacteria;k__Bacteria	0.86349465890916
ASV_18S_2097	d__Eukaryota	0.9774080260718739
ASV_18S_2100	Unassigned	0.36897033171306093
ASV_18S_2101	d__Eukaryota;k__Animalia;p__Annelida;c__Polychaeta	0.9138969116298091
ASV_18S_2104	Unassigned	0.4342070570138167
ASV_18S_2105	Unassigned	0.3567739275395171
ASV_18S_2106	Unassigned	0.46037860759473315
ASV_18S_2107	d__Eukaryota;k__Animalia;p__Cnidaria;c__Myxozoa;o__Bivalvulida;os__Bivalvulida;f__Bivalvulida;fs__Bivalvulida;g__Bivalvulida	0.8399985377505679
ASV_18S_2108	d__Eukaryota	0.7065437200606691
ASV_18S_2110	d__Eukaryota;k__Rhodophyceae;p__Compsopogonales;c__Compsopogonales;o__Compsopogonales;os__Compsopogonales;f__Compsopogonales;fs__Compsopogonales;g__Smithora	0.9545754348864491
ASV_18S_2111	d__Eukaryota	0.9853258827715109
ASV_18S_2112	d__Eukaryota;k__Animalia;p__Cnidaria;c__Myxozoa;o__Bivalvulida;os__Bivalvulida;f__Bivalvulida;fs__Bivalvulida;g__Bivalvulida	0.7141515492563577
ASV_18S_2113	d__Eukaryota;k__Animalia;p__Cnidaria;c__Myxozoa;o__Bivalvulida;os__Bivalvulida;f__Bivalvulida;fs__Bivalvulida;g__Bivalvulida	0.7594888324217208
ASV_18S_2114	Unassigned	0.7414805965721875
ASV_18S_2115	d__Eukaryota;k__Amoebozoa;p__Amoebozoa;c__Tubulinea;o__Euamoebida;os__Euamoebida;f__Euamoebida;fs__Euamoebida;g__Hartmannella	0.9999975384118499
ASV_18S_2119	Unassigned	0.5151424539639249
ASV_18S_2124	Unassigned	0.38228710645521
ASV_18S_2128	d__Eukaryota;k__Holozoa;p__Holozoa;c__Filasterea;o__Ministeriida;os__Ministeriida;f__Capsasporidae;fs__Capsasporidae;g__Marine_Group	0.9519492485533979
ASV_18S_2129	d__Bacteria;k__Bacteria;p__Proteobacteria;c__Alphaproteobacteria;o__Rickettsiales;os__Rickettsiales;f__Mitochondria;fs__Mitochondria;g__Mitochondria	0.9339300539163101
ASV_18S_2130	Unassigned	0.3649744391960632
ASV_18S_2132	d__Bacteria;k__Bacteria;p__Proteobacteria;c__Alphaproteobacteria;o__Rickettsiales;os__Rickettsiales;f__Mitochondria;fs__Mitochondria;g__Mitochondria	0.7012924628694086
ASV_18S_2133	Unassigned	0.4182032695321354
ASV_18S_2134	Unassigned	0.3529193419942487
ASV_18S_2135	Unassigned	0.6286091583582585
ASV_18S_2136	Unassigned	0.4716364231364
ASV_18S_2138	Unassigned	0.6304007039455843
ASV_18S_2139	d__Bacteria;k__Bacteria;p__Proteobacteria;c__Alphaproteobacteria;o__Rickettsiales;os__Rickettsiales;f__Mitochondria;fs__Mitochondria;g__Mitochondria	0.8069550743052116
ASV_18S_2140	d__Bacteria;k__Bacteria;p__Proteobacteria;c__Alphaproteobacteria;o__Rickettsiales;os__Rickettsiales;f__Mitochondria;fs__Mitochondria;g__Mitochondria	0.7155010057264723
ASV_18S_2143	Unassigned	0.3680389687107021
ASV_18S_2145	d__Eukaryota	0.8396838615606345
ASV_18S_2147	Unassigned	0.4191609899601463
ASV_18S_2148	d__Bacteria;k__Bacteria	0.7251119238200537
ASV_18S_2149	Unassigned	0.5339771475260162
ASV_18S_2150	Unassigned	0.5866452722798814
ASV_18S_2151	Unassigned	0.38593313938928797
ASV_18S_2152	Unassigned	0.38866200947482155
ASV_18S_2155	Unassigned	0.33088418712551626
ASV_18S_2159	Unassigned	0.4769627446025373
ASV_18S_2161	d__Eukaryota	0.9966091649188238
ASV_18S_2163	d__Eukaryota;k__Stramenopiles;p__Ochrophyta;c__Phaeophyceae;o__Ectocarpales;os__Ectocarpales;f__Ectocarpales;fs__Ectocarpales	0.9662103559291961
ASV_18S_2164	d__Bacteria;k__Bacteria;p__Proteobacteria;c__Alphaproteobacteria;o__Rickettsiales;os__Rickettsiales;f__Mitochondria;fs__Mitochondria;g__Mitochondria	0.8913383508771126
ASV_18S_2165	Unassigned	0.5832849125992206
ASV_18S_2166	Unassigned	0.5182430688012496
ASV_18S_2167	d__Eukaryota;k__Animalia	0.7787338249403946
ASV_18S_2169	d__Eukaryota	0.7309319513102306
ASV_18S_2170	Unassigned	0.5164582623559416
ASV_18S_2171	Unassigned	0.48513642112407684
ASV_18S_2172	d__Eukaryota;k__Animalia;p__Cnidaria;c__Myxozoa;o__Bivalvulida;os__Bivalvulida;f__Bivalvulida;fs__Bivalvulida;g__Bivalvulida	0.7420987387258997
ASV_18S_2180	d__Eukaryota	0.9927559863791366
ASV_18S_2181	Unassigned	0.4666308785167985
ASV_18S_2184	d__Bacteria;k__Bacteria;p__Proteobacteria;c__Alphaproteobacteria;o__Rickettsiales;os__Rickettsiales;f__Mitochondria;fs__Mitochondria;g__Mitochondria	0.9461953798542487
ASV_18S_2185	Unassigned	0.3718984801108004
ASV_18S_2186	Unassigned	0.5635644065592065
ASV_18S_2192	Unassigned	0.6546663565764119
ASV_18S_2193	d__Bacteria;k__Bacteria;p__Proteobacteria;c__Alphaproteobacteria;o__Rickettsiales;os__Rickettsiales;f__Mitochondria;fs__Mitochondria;g__Mitochondria	0.926340466117398
ASV_18S_2195	d__Bacteria;k__Bacteria	0.7216996508814517
ASV_18S_2203	Unassigned	0.36094976583863714
ASV_18S_2205	d__Bacteria;k__Bacteria	0.8331177532955746
ASV_18S_2206	Unassigned	0.4917211841818204
ASV_18S_2207	Unassigned	0.391614987747275
ASV_18S_2208	d__Bacteria;k__Bacteria;p__Proteobacteria;c__Alphaproteobacteria;o__Rickettsiales;os__Rickettsiales;f__Mitochondria;fs__Mitochondria;g__Mitochondria	0.8921494375741655
ASV_18S_2209	d__Eukaryota	0.753848126914024
ASV_18S_2210	Unassigned	0.4322803026273139
ASV_18S_2211	Unassigned	0.4035098424360223
ASV_18S_2212	d__Eukaryota	0.7740674575216806
ASV_18S_2213	Unassigned	0.3628288417727159
ASV_18S_2214	d__Bacteria;k__Bacteria	0.7890445675863322
ASV_18S_2215	Unassigned	0.32583665665595907
ASV_18S_2216	d__Bacteria;k__Bacteria	0.8017701698027128
ASV_18S_2219	Unassigned	0.3535588677551851
ASV_18S_2220	d__Eukaryota;k__Alveolata;p__Dinoflagellata;c__Dinophyceae;o__Gonyaulacales;os__Gonyaulacales;f__Gonyaulacales;fs__Gonyaulacales;g__Alexandrium	0.9998654086664659
ASV_18S_2221	d__Bacteria;k__Bacteria	0.7545256875848135
ASV_18S_2222	d__Bacteria;k__Bacteria	0.7651014902086524
ASV_18S_2228	Unassigned	0.39087900740167925
ASV_18S_2229	d__Eukaryota;k__Chloroplastida;p__Phragmoplastophyta;c__Embryophyta;o__Liliopsida;os__Incertae_Sedis;f__Incertae_Sedis;fs__Incertae_Sedis;g__Zostera	0.9688091308997003
ASV_18S_2231	d__Eukaryota;k__Chloroplastida;p__Chlorophyta;c__Mamiellophyceae;o__Mamiellales;os__Mamiellales;f__Mamiellales;fs__Mamiellales;g__Micromonas	0.9924509333890019
ASV_18S_2235	Unassigned	0.3802453812415878
ASV_18S_2236	d__Bacteria;k__Bacteria	0.7178356529702982
ASV_18S_2240	d__Bacteria;k__Bacteria	0.7455898641604436
ASV_18S_2242	Unassigned	0.46358263013976264
ASV_18S_2243	Unassigned	0.3741266216469076
ASV_18S_2246	d__Eukaryota;k__Animalia	0.7427301330397851
ASV_18S_2247	Unassigned	0.34373451808207434
ASV_18S_2249	Unassigned	0.504038861193444
ASV_18S_2250	Unassigned	0.5544095974737624
ASV_18S_2251	Unassigned	0.43565793697754407
ASV_18S_2253	Unassigned	0.6494733361243938
ASV_18S_2254	d__Eukaryota	0.7035569384088628
ASV_18S_2255	d__Bacteria;k__Bacteria	0.7079479887497169
ASV_18S_2256	d__Eukaryota;k__Animalia;p__Cnidaria;c__Myxozoa;o__Bivalvulida;os__Bivalvulida;f__Bivalvulida;fs__Bivalvulida;g__Bivalvulida	0.7742817432924868
ASV_18S_2257	Unassigned	0.38889204772399344
ASV_18S_2258	d__Bacteria;k__Bacteria;p__Proteobacteria;c__Alphaproteobacteria;o__Rickettsiales;os__Rickettsiales;f__Mitochondria;fs__Mitochondria;g__Mitochondria	0.8493157850387093
ASV_18S_2259	Unassigned	0.4840500479916048
ASV_18S_2260	Unassigned	0.39696624056927565
ASV_18S_2262	d__Bacteria;k__Bacteria;p__Proteobacteria;c__Alphaproteobacteria;o__Rickettsiales;os__Rickettsiales;f__Mitochondria;fs__Mitochondria;g__Mitochondria	0.9561254160505889
ASV_18S_2263	d__Eukaryota;k__Stramenopiles;p__Labyrinthulomycetes;c__Labyrinthulomycetes;o__Labyrinthulomycetes;os__Labyrinthulomycetes;f__Labyrinthulaceae;fs__Labyrinthulaceae;g__Labyrinthula	0.9999946089949185
ASV_18S_2264	Unassigned	0.40210633402585627
ASV_18S_2267	d__Bacteria;k__Bacteria	0.7302903155579668
ASV_18S_2268	Unassigned	0.3271932321951283
ASV_18S_2273	d__Eukaryota	0.9999459447993152
ASV_18S_2278	d__Bacteria;k__Bacteria	0.8703746591654715
ASV_18S_2281	d__Eukaryota;k__Stramenopiles;p__Labyrinthulomycetes;c__Labyrinthulomycetes;o__Labyrinthulomycetes;os__Labyrinthulomycetes;f__Labyrinthulaceae;fs__Labyrinthulaceae;g__Labyrinthula	0.9768153470209586
ASV_18S_2285	d__Eukaryota	0.9926715410871122
ASV_18S_2286	d__Bacteria;k__Bacteria;p__Proteobacteria;c__Alphaproteobacteria;o__Rickettsiales;os__Rickettsiales;f__Mitochondria;fs__Mitochondria;g__Mitochondria	0.7435058784756247
ASV_18S_2288	Unassigned	0.3195411895831488
ASV_18S_2289	Unassigned	0.6826922498179462
ASV_18S_2290	d__Bacteria;k__Bacteria;p__Proteobacteria;c__Alphaproteobacteria;o__Rickettsiales;os__Rickettsiales;f__Mitochondria;fs__Mitochondria;g__Mitochondria	0.766076117198385
ASV_18S_2292	Unassigned	0.3845287288791511
ASV_18S_2293	Unassigned	0.40574580375382663
ASV_18S_2294	Unassigned	0.358467551027268
ASV_18S_2295	Unassigned	0.5831643433557362
ASV_18S_2296	d__Bacteria;k__Bacteria;p__Proteobacteria;c__Alphaproteobacteria;o__Rickettsiales;os__Rickettsiales;f__Mitochondria;fs__Mitochondria;g__Mitochondria	0.7438523862110379
ASV_18S_2297	d__Bacteria;k__Bacteria;p__Proteobacteria;c__Alphaproteobacteria;o__Rickettsiales;os__Rickettsiales;f__Mitochondria;fs__Mitochondria;g__Mitochondria	0.7003076546597782
ASV_18S_2299	Unassigned	0.33994102227554845
ASV_18S_2301	d__Bacteria;k__Bacteria	0.8090079610734953
ASV_18S_2303	Unassigned	0.35763934633604144
ASV_18S_2304	Unassigned	0.4084152187589051
ASV_18S_2305	Unassigned	0.4774462783861678
ASV_18S_2306	d__Bacteria;k__Bacteria;p__Proteobacteria;c__Alphaproteobacteria;o__Rickettsiales;os__Rickettsiales;f__Mitochondria;fs__Mitochondria;g__Mitochondria	0.9039623868581318
ASV_18S_2307	d__Bacteria;k__Bacteria;p__Proteobacteria;c__Alphaproteobacteria;o__Rickettsiales;os__Rickettsiales;f__Mitochondria;fs__Mitochondria;g__Mitochondria	0.7036837785744693
ASV_18S_2312	d__Bacteria;k__Bacteria	0.7005347759506617
ASV_18S_2313	d__Bacteria;k__Bacteria	0.8575786362646072
ASV_18S_2317	Unassigned	0.5211901215014196
ASV_18S_2321	d__Eukaryota;k__Chloroplastida;p__Phragmoplastophyta;c__Embryophyta;o__Liliopsida;os__Incertae_Sedis;f__Incertae_Sedis;fs__Incertae_Sedis;g__Zostera	0.9508839003082816
ASV_18S_2325	d__Bacteria;k__Bacteria	0.7414492451754733
ASV_18S_2327	d__Eukaryota;k__Chloroplastida;p__Phragmoplastophyta;c__Embryophyta;o__Liliopsida;os__Incertae_Sedis;f__Incertae_Sedis;fs__Incertae_Sedis;g__Zostera	0.9707275620450099
ASV_18S_2328	d__Eukaryota;k__Stramenopiles;p__Labyrinthulomycetes;c__Labyrinthulomycetes;o__Labyrinthulomycetes;os__Labyrinthulomycetes;f__Thraustochytriaceae;fs__Thraustochytriaceae;g__Aplanochytrium	0.9999783813179912
ASV_18S_2329	d__Eukaryota	0.9939577740083032
ASV_18S_2334	d__Eukaryota;k__Stramenopiles;p__Labyrinthulomycetes;c__Labyrinthulomycetes;o__Labyrinthulomycetes;os__Labyrinthulomycetes;f__Thraustochytriaceae;fs__Thraustochytriaceae;g__Aplanochytrium	0.9997934102103254
ASV_18S_2337	d__Eukaryota;k__Chloroplastida;p__Phragmoplastophyta;c__Embryophyta;o__Liliopsida;os__Incertae_Sedis;f__Incertae_Sedis;fs__Incertae_Sedis;g__Zostera	0.9605617928778659
ASV_18S_2339	d__Eukaryota;k__Chloroplastida;p__Chlorophyta;c__Ulvophyceae;o__Ulvales;os__Ulvales;f__Ulvales;fs__Ulvales;g__Ulvella	0.9166755338896074
ASV_18S_2340	d__Bacteria;k__Bacteria	0.7328600278720888
ASV_18S_2341	Unassigned	0.35906784749578347
ASV_18S_2344	d__Eukaryota	0.9692650886227487
ASV_18S_2345	Unassigned	0.5117696239573026
ASV_18S_2346	Unassigned	0.3641233591462447
ASV_18S_2347	d__Eukaryota;k__Stramenopiles;p__Diatomea;c__Mediophyceae;o__Mediophyceae;os__Mediophyceae;f__Mediophyceae;fs__Mediophyceae	0.999737520405046
ASV_18S_2349	Unassigned	0.410559908877541
ASV_18S_2350	Unassigned	0.3961989904992409
ASV_18S_2352	Unassigned	0.5152490719707727
ASV_18S_2353	Unassigned	0.3765767253971959
ASV_18S_2354	Unassigned	0.5336298658861864
ASV_18S_2355	d__Bacteria;k__Bacteria;p__Proteobacteria;c__Alphaproteobacteria;o__Rickettsiales;os__Rickettsiales;f__Mitochondria;fs__Mitochondria;g__Mitochondria	0.843532632755643
ASV_18S_2356	d__Bacteria;k__Bacteria	0.763399520130587
ASV_18S_2357	d__Bacteria;k__Bacteria	0.7380172324168878
ASV_18S_2358	d__Bacteria;k__Bacteria;p__Proteobacteria;c__Alphaproteobacteria;o__Rickettsiales;os__Rickettsiales;f__Mitochondria;fs__Mitochondria;g__Mitochondria	0.7880927149270832
ASV_18S_2360	d__Bacteria;k__Bacteria	0.7507450692961603
ASV_18S_2361	Unassigned	0.49270316122917635
ASV_18S_2362	Unassigned	0.4116514041008248
ASV_18S_2363	Unassigned	0.6745089574412615
ASV_18S_2364	Unassigned	0.4905646314522695
ASV_18S_2365	Unassigned	0.3482497758844393
ASV_18S_2366	Unassigned	0.5443258817602309
ASV_18S_2367	Unassigned	0.3708725535349622
ASV_18S_2369	Unassigned	0.48316129556979803
ASV_18S_2371	d__Bacteria;k__Bacteria;p__Patescibacteria	0.7340453673164781
ASV_18S_2372	Unassigned	0.4736551232197592
ASV_18S_2373	Unassigned	0.4257675360669203
ASV_18S_2381	Unassigned	0.5680077405409605
ASV_18S_2382	Unassigned	0.39491931080884535
ASV_18S_2384	Unassigned	0.33156905204769127
ASV_18S_2390	d__Eukaryota;k__Stramenopiles;p__Labyrinthulomycetes;c__Labyrinthulomycetes;o__Labyrinthulomycetes;os__Labyrinthulomycetes;f__Labyrinthulaceae;fs__Labyrinthulaceae;g__Labyrinthula	0.9999923768078912
ASV_18S_2393	d__Eukaryota;k__Holozoa;p__Holozoa;c__Filasterea;o__Ministeriida;os__Ministeriida;f__Capsasporidae;fs__Capsasporidae;g__Marine_Group	0.958196973169781
ASV_18S_2396	d__Eukaryota;k__Stramenopiles;p__Diatomea;c__Bacillariophyceae;o__Bacillariophyceae;os__Bacillariophyceae;f__Bacillariophyceae;fs__Bacillariophyceae	0.9284589754858774
ASV_18S_2397	Unassigned	0.47737581033446985
ASV_18S_2399	Unassigned	0.7417284970598357
ASV_18S_2403	d__Eukaryota;k__Stramenopiles;p__Labyrinthulomycetes;c__Labyrinthulomycetes;o__Labyrinthulomycetes;os__Labyrinthulomycetes;f__Labyrinthulaceae;fs__Labyrinthulaceae;g__Labyrinthula	0.8006455368885093
ASV_18S_2404	d__Bacteria;k__Bacteria;p__Proteobacteria;c__Alphaproteobacteria;o__Rickettsiales;os__Rickettsiales;f__Mitochondria;fs__Mitochondria;g__Mitochondria	0.7432122238944845
ASV_18S_2407	d__Bacteria;k__Bacteria	0.7323388910345772
ASV_18S_2409	Unassigned	0.4123690921980214
ASV_18S_2411	d__Bacteria;k__Bacteria;p__Proteobacteria;c__Alphaproteobacteria;o__Rickettsiales;os__Rickettsiales;f__Mitochondria;fs__Mitochondria;g__Mitochondria	0.8698166911348834
ASV_18S_2416	d__Bacteria;k__Bacteria	0.73353072865474
ASV_18S_2417	d__Bacteria;k__Bacteria;p__Proteobacteria;c__Alphaproteobacteria;o__Rickettsiales;os__Rickettsiales;f__Mitochondria;fs__Mitochondria;g__Mitochondria	0.7017663812019692
ASV_18S_2418	d__Bacteria;k__Bacteria;p__Proteobacteria;c__Alphaproteobacteria;o__Rickettsiales;os__Rickettsiales;f__Mitochondria;fs__Mitochondria;g__Mitochondria	0.7710726350873028
ASV_18S_2419	d__Eukaryota;k__Animalia;p__Cnidaria;c__Myxozoa;o__Bivalvulida;os__Bivalvulida;f__Bivalvulida;fs__Bivalvulida;g__Bivalvulida	0.8778678492992634
ASV_18S_2420	Unassigned	0.3919401136090219
ASV_18S_2421	Unassigned	0.4977217210875734
ASV_18S_2422	d__Bacteria;k__Bacteria;p__Proteobacteria;c__Alphaproteobacteria;o__Rickettsiales;os__Rickettsiales;f__Mitochondria;fs__Mitochondria;g__Mitochondria	0.9153051556165179
ASV_18S_2423	Unassigned	0.3526043612074382
ASV_18S_2425	d__Eukaryota	0.9402702320821149
ASV_18S_2426	d__Bacteria;k__Bacteria	0.7436552040461221
ASV_18S_2427	d__Bacteria;k__Bacteria;p__Proteobacteria;c__Alphaproteobacteria;o__Rickettsiales;os__Rickettsiales;f__Mitochondria;fs__Mitochondria;g__Mitochondria	0.702570933840484
ASV_18S_2428	d__Eukaryota	0.8153506478239967
ASV_18S_2429	d__Eukaryota	0.7632474953555364
ASV_18S_2430	d__Bacteria;k__Bacteria;p__Proteobacteria;c__Alphaproteobacteria;o__Rickettsiales;os__Rickettsiales;f__Mitochondria;fs__Mitochondria;g__Mitochondria	0.8260392154242117
ASV_18S_2431	Unassigned	0.3498340557326223
ASV_18S_2433	Unassigned	0.7050848422256444
ASV_18S_2434	d__Bacteria;k__Bacteria	0.8398552029546525
ASV_18S_2435	Unassigned	0.448741930447377
ASV_18S_2436	d__Bacteria;k__Bacteria	0.739291077357407
ASV_18S_2437	d__Bacteria;k__Bacteria	0.824148364604743
ASV_18S_2438	d__Eukaryota;k__Animalia;p__Cnidaria;c__Myxozoa;o__Bivalvulida;os__Bivalvulida;f__Bivalvulida;fs__Bivalvulida;g__Bivalvulida	0.9227199167331974
ASV_18S_2439	d__Bacteria;k__Bacteria	0.7009202922934101
ASV_18S_2440	d__Eukaryota	0.7665059639026169
ASV_18S_2441	Unassigned	0.3379094779908761
ASV_18S_2442	Unassigned	0.5244532516271216
ASV_18S_2444	d__Eukaryota;k__Animalia	0.7002686408795602
ASV_18S_2445	d__Eukaryota;k__Animalia	0.7430459185687978
ASV_18S_2446	d__Eukaryota	0.8646623283432462
ASV_18S_2447	Unassigned	0.34568224306267936
ASV_18S_2448	d__Eukaryota;k__Animalia	0.9290123068620428
ASV_18S_2449	Unassigned	0.3936393173088024
ASV_18S_2450	d__Bacteria;k__Bacteria;p__Proteobacteria;c__Alphaproteobacteria;o__Rickettsiales;os__Rickettsiales;f__Mitochondria;fs__Mitochondria;g__Mitochondria	0.8274991779763671
ASV_18S_2452	d__Bacteria;k__Bacteria	0.7044996402887365
ASV_18S_2456	Unassigned	0.5024804823909037
ASV_18S_2457	d__Eukaryota	0.7124620548740167
ASV_18S_2458	d__Bacteria;k__Bacteria	0.8382363996456962
ASV_18S_2460	Unassigned	0.40452706843949915
ASV_18S_2461	d__Eukaryota;k__Chloroplastida;p__Chlorophyta;c__Ulvophyceae;o__Ulvales;os__Ulvales;f__Ulvales;fs__Ulvales;g__Ulvella	0.9581666026286614
ASV_18S_2466	Unassigned	0.3943490580447786
ASV_18S_2467	d__Eukaryota;k__Holozoa;p__Holozoa;c__Filasterea;o__Ministeriida;os__Ministeriida;f__Capsasporidae;fs__Capsasporidae;g__Marine_Group	0.9613230912967504
ASV_18S_2468	Unassigned	0.4190103297683392
ASV_18S_2472	d__Eukaryota;k__Stramenopiles;p__Labyrinthulomycetes;c__Labyrinthulomycetes;o__Labyrinthulomycetes;os__Labyrinthulomycetes;f__Labyrinthulaceae;fs__Labyrinthulaceae;g__Labyrinthula	0.9812862606488951
ASV_18S_2475	Unassigned	0.47056788472710764
ASV_18S_2476	Unassigned	0.5333329056625749
ASV_18S_2482	d__Bacteria;k__Bacteria;p__Proteobacteria;c__Alphaproteobacteria;o__Rickettsiales;os__Rickettsiales;f__Mitochondria;fs__Mitochondria;g__Mitochondria	0.74621748213567
ASV_18S_2485	Unassigned	0.5085032948646209
ASV_18S_2487	d__Eukaryota	0.9871822975316171
ASV_18S_2489	d__Eukaryota;k__Stramenopiles;p__Labyrinthulomycetes;c__Labyrinthulomycetes;o__Labyrinthulomycetes;os__Labyrinthulomycetes;f__Labyrinthulaceae;fs__Labyrinthulaceae;g__Labyrinthula	0.9999860135393827
ASV_18S_2492	d__Eukaryota	0.9978220592380573
ASV_18S_2494	d__Eukaryota;k__Stramenopiles;p__Labyrinthulomycetes;c__Labyrinthulomycetes;o__Labyrinthulomycetes;os__Labyrinthulomycetes;f__Thraustochytriaceae;fs__Thraustochytriaceae;g__Aplanochytrium	0.9998279859476604
ASV_18S_2502	d__Eukaryota;k__Chloroplastida;p__Chlorophyta;c__Ulvophyceae;o__Ulvales;os__Ulvales;f__Ulvales;fs__Ulvales;g__Ulvella	0.9583662289737739
ASV_18S_2504	Unassigned	0.3612206127257692
ASV_18S_2505	Unassigned	0.42737392552634446
ASV_18S_2508	Unassigned	0.43367862546251035
ASV_18S_2509	Unassigned	0.38024633785673345
ASV_18S_2510	d__Eukaryota;k__Animalia	0.8006005925822348
ASV_18S_2511	Unassigned	0.3343422342854
ASV_18S_2512	Unassigned	0.3387046337834019
ASV_18S_2513	Unassigned	0.4159516683539892
ASV_18S_2514	d__Eukaryota	0.7023641399116921
ASV_18S_2515	d__Bacteria;k__Bacteria	0.7017916297846893
ASV_18S_2516	d__Bacteria;k__Bacteria;p__Proteobacteria;c__Alphaproteobacteria;o__Rickettsiales;os__Rickettsiales;f__Mitochondria;fs__Mitochondria;g__Mitochondria	0.9548063259646363
ASV_18S_2517	Unassigned	0.40724946206673807
ASV_18S_2518	Unassigned	0.4926773106139154
ASV_18S_2519	d__Bacteria;k__Bacteria;p__Proteobacteria;c__Alphaproteobacteria;o__Rickettsiales;os__Rickettsiales;f__Mitochondria;fs__Mitochondria;g__Mitochondria	0.7407682789825458
ASV_18S_2520	d__Bacteria;k__Bacteria	0.761957734657605
ASV_18S_2521	Unassigned	0.6593187346667096
ASV_18S_2522	d__Bacteria;k__Bacteria;p__Proteobacteria;c__Alphaproteobacteria;o__Rickettsiales;os__Rickettsiales;f__Mitochondria;fs__Mitochondria;g__Mitochondria	0.9008007313025056
ASV_18S_2523	d__Bacteria;k__Bacteria;p__Proteobacteria;c__Alphaproteobacteria;o__Rickettsiales;os__Rickettsiales;f__Mitochondria;fs__Mitochondria;g__Mitochondria	0.8040129461309959
ASV_18S_2524	Unassigned	0.3790680905393147
ASV_18S_2525	d__Bacteria;k__Bacteria	0.7198228928280737
ASV_18S_2526	Unassigned	0.36643523949125456
ASV_18S_2527	Unassigned	0.3808805004829461
ASV_18S_2529	Unassigned	0.5374729524420585
ASV_18S_2530	d__Bacteria;k__Bacteria;p__Proteobacteria;c__Alphaproteobacteria;o__Rickettsiales;os__Rickettsiales;f__Mitochondria;fs__Mitochondria;g__Mitochondria	0.915498915415185
ASV_18S_2532	d__Eukaryota	0.8288602816629604
ASV_18S_2533	Unassigned	0.49181012009561287
ASV_18S_2534	d__Bacteria;k__Bacteria;p__Proteobacteria;c__Alphaproteobacteria;o__Rickettsiales;os__Rickettsiales;f__Mitochondria;fs__Mitochondria;g__Mitochondria	0.7322181191429156
ASV_18S_2535	d__Eukaryota;k__Alveolata;p__Ciliophora;c__Intramacronucleata;o__Spirotrichea;os__Spirotrichea;f__Oligotrichia;fs__Oligotrichia	0.9572517910005987
ASV_18S_2536	d__Eukaryota;k__Animalia;p__Cnidaria;c__Myxozoa;o__Bivalvulida;os__Bivalvulida;f__Bivalvulida;fs__Bivalvulida;g__Bivalvulida	0.7955313102495004
ASV_18S_2539	d__Bacteria;k__Bacteria;p__Proteobacteria;c__Alphaproteobacteria;o__Rickettsiales;os__Rickettsiales;f__Mitochondria;fs__Mitochondria;g__Mitochondria	0.9283742279043391
ASV_18S_2542	d__Eukaryota	0.7366040519739472
ASV_18S_2544	Unassigned	0.3989555267628959
ASV_18S_2545	d__Eukaryota;k__Holozoa;p__Holozoa;c__Filasterea;o__Ministeriida;os__Ministeriida;f__Capsasporidae;fs__Capsasporidae;g__Marine_Group	0.9663657753697111
ASV_18S_2550	d__Bacteria;k__Bacteria	0.891924553708364
ASV_18S_2551	d__Bacteria;k__Bacteria;p__Proteobacteria;c__Alphaproteobacteria;o__Rickettsiales;os__Rickettsiales;f__Mitochondria;fs__Mitochondria;g__Mitochondria	0.946107724725562
ASV_18S_2553	d__Eukaryota;k__Chloroplastida;p__Chlorophyta;c__Ulvophyceae;o__Ulvales;os__Ulvales;f__Ulvales;fs__Ulvales;g__Blidingia	0.8247261889671851
ASV_18S_2556	d__Bacteria;k__Bacteria	0.7222960454795946
ASV_18S_2557	d__Eukaryota;k__Stramenopiles;p__Labyrinthulomycetes;c__Labyrinthulomycetes;o__Labyrinthulomycetes;os__Labyrinthulomycetes;f__Labyrinthulaceae;fs__Labyrinthulaceae;g__Labyrinthula	0.9991257518046528
ASV_18S_2558	d__Eukaryota;k__Stramenopiles;p__Ochrophyta;c__Phaeophyceae;o__Ectocarpales;os__Ectocarpales;f__Ectocarpales;fs__Ectocarpales	0.9421070849267347
ASV_18S_2559	d__Eukaryota;k__Stramenopiles	0.7178529114472427
ASV_18S_2561	d__Eukaryota	0.9970601722734342
ASV_18S_2563	d__Eukaryota	0.9968963153760237
ASV_18S_2565	d__Eukaryota;k__Holozoa;p__Holozoa;c__Filasterea;o__Ministeriida;os__Ministeriida;f__Capsasporidae;fs__Capsasporidae;g__Marine_Group	0.9860257873549854
ASV_18S_2574	d__Bacteria;k__Bacteria;p__Proteobacteria;c__Alphaproteobacteria;o__Rickettsiales;os__Rickettsiales;f__Mitochondria;fs__Mitochondria;g__Mitochondria	0.85530455498248
ASV_18S_2580	d__Eukaryota;k__Stramenopiles;p__Labyrinthulomycetes;c__Labyrinthulomycetes;o__Labyrinthulomycetes;os__Labyrinthulomycetes;f__Labyrinthulaceae;fs__Labyrinthulaceae;g__Labyrinthula	0.9999872582605789
ASV_18S_2586	Unassigned	0.470601765824628
ASV_18S_2589	Unassigned	0.4518333864438624
ASV_18S_2595	d__Eukaryota	0.9968077784569259
ASV_18S_2605	Unassigned	0.3922326052683933
ASV_18S_2608	d__Eukaryota;k__Stramenopiles;p__Labyrinthulomycetes;c__Labyrinthulomycetes;o__Labyrinthulomycetes;os__Labyrinthulomycetes;f__Labyrinthulaceae;fs__Labyrinthulaceae;g__Labyrinthula	0.9999889204060703
ASV_18S_2612	Unassigned	0.5846206543502539
ASV_18S_2616	d__Bacteria;k__Bacteria	0.7947372059846788
ASV_18S_2620	Unassigned	0.34548203845457426
ASV_18S_2623	d__Bacteria;k__Bacteria;p__Proteobacteria;c__Alphaproteobacteria;o__Rickettsiales;os__Rickettsiales;f__Mitochondria;fs__Mitochondria;g__Mitochondria	0.7292180708783208
ASV_18S_2625	Unassigned	0.470420638723573
ASV_18S_2626	d__Bacteria;k__Bacteria	0.7184786603832155
ASV_18S_2628	Unassigned	0.356725600139029
ASV_18S_2630	d__Bacteria;k__Bacteria	0.7203124560352718
ASV_18S_2632	d__Bacteria;k__Bacteria;p__Proteobacteria;c__Alphaproteobacteria;o__Rickettsiales;os__Rickettsiales;f__Mitochondria;fs__Mitochondria;g__Mitochondria	0.7835270668593463
ASV_18S_2634	Unassigned	0.4285809360174221
ASV_18S_2635	d__Eukaryota;k__Animalia	0.7505303411633026
ASV_18S_2636	d__Eukaryota	0.7527726196487188
ASV_18S_2639	Unassigned	0.5391063012509618
ASV_18S_2640	d__Eukaryota;k__Animalia	0.7219632586218578
ASV_18S_2642	d__Bacteria;k__Bacteria;p__Proteobacteria;c__Alphaproteobacteria;o__Rickettsiales;os__Rickettsiales;f__Mitochondria;fs__Mitochondria;g__Mitochondria	0.7905588084929712
ASV_18S_2643	d__Eukaryota;k__Animalia	0.7031393214689482
ASV_18S_2644	d__Bacteria;k__Bacteria	0.9186162341901017
ASV_18S_2645	Unassigned	0.4680650757548306
ASV_18S_2646	Unassigned	0.379362293428226
ASV_18S_2647	d__Eukaryota	0.8535200073556016
ASV_18S_2648	Unassigned	0.31393307234305345
ASV_18S_2649	Unassigned	0.5714875479719137
ASV_18S_2651	Unassigned	0.6189440681855793
ASV_18S_2652	Unassigned	0.368088746215224
ASV_18S_2653	d__Eukaryota	0.8239068147293656
ASV_18S_2655	Unassigned	0.38409849471996194
ASV_18S_2657	d__Eukaryota;k__Chloroplastida;p__Phragmoplastophyta;c__Embryophyta;o__Liliopsida;os__Incertae_Sedis;f__Incertae_Sedis;fs__Incertae_Sedis;g__Zostera	0.9327728487806938
ASV_18S_2658	Unassigned	0.6818702758105762
ASV_18S_2660	Unassigned	0.5239183833993806
ASV_18S_2673	d__Bacteria;k__Bacteria;p__Proteobacteria;c__Alphaproteobacteria;o__Rickettsiales;os__Rickettsiales;f__Mitochondria;fs__Mitochondria;g__Mitochondria	0.7500059759637383
ASV_18S_2678	Unassigned	0.703072181825548
ASV_18S_2681	d__Eukaryota	0.9990974335354903
ASV_18S_2682	d__Eukaryota	0.9940259797555228
ASV_18S_2683	d__Bacteria;k__Bacteria	0.8637076135888981
ASV_18S_2684	d__Bacteria;k__Bacteria;p__Proteobacteria;c__Alphaproteobacteria;o__Rickettsiales;os__Rickettsiales;f__Mitochondria;fs__Mitochondria;g__Mitochondria	0.7276206582752266
ASV_18S_2686	d__Eukaryota;k__Amoebozoa;p__Amoebozoa;c__Tubulinea;o__Euamoebida;os__Euamoebida;f__Euamoebida;fs__Euamoebida;g__Hartmannella	0.999995276283799
ASV_18S_2687	d__Eukaryota;k__Amoebozoa;p__Amoebozoa;c__Tubulinea;o__Euamoebida;os__Euamoebida;f__Euamoebida;fs__Euamoebida;g__Hartmannella	0.9944430118856407
ASV_18S_2691	d__Eukaryota	0.9974469335044638
ASV_18S_2692	d__Eukaryota;k__Chloroplastida;p__Chlorophyta;c__Ulvophyceae;o__Ulvales;os__Ulvales;f__Ulvales;fs__Ulvales;g__Ulva	0.998819978267419
ASV_18S_2694	d__Bacteria;k__Bacteria;p__Proteobacteria;c__Alphaproteobacteria;o__Rickettsiales;os__Rickettsiales;f__Mitochondria;fs__Mitochondria;g__Mitochondria	0.7772806366974924
ASV_18S_2699	d__Eukaryota;k__Stramenopiles;p__Labyrinthulomycetes;c__Labyrinthulomycetes;o__Labyrinthulomycetes;os__Labyrinthulomycetes;f__Labyrinthulaceae;fs__Labyrinthulaceae;g__Labyrinthula	0.7007771878511302
ASV_18S_2705	d__Eukaryota;k__Chloroplastida;p__Phragmoplastophyta;c__Embryophyta;o__Liliopsida;os__Incertae_Sedis;f__Incertae_Sedis;fs__Incertae_Sedis;g__Zostera	0.9615355018157951
ASV_18S_2716	d__Eukaryota;k__Stramenopiles;p__Labyrinthulomycetes;c__Labyrinthulomycetes;o__Labyrinthulomycetes;os__Labyrinthulomycetes;f__Labyrinthulaceae;fs__Labyrinthulaceae;g__Labyrinthula	0.9999897317314005
ASV_18S_2717	Unassigned	0.35626240000309783
ASV_18S_2719	d__Eukaryota;k__Stramenopiles;p__Labyrinthulomycetes;c__Labyrinthulomycetes;o__Labyrinthulomycetes;os__Labyrinthulomycetes;f__Labyrinthulaceae;fs__Labyrinthulaceae;g__Labyrinthula	0.7682080579975539
ASV_18S_2727	d__Eukaryota;k__Alveolata;p__Ciliophora;c__Intramacronucleata;o__Conthreep;os__Conthreep;f__Phyllopharyngea;fs__Suctoria;g__Acineta	0.9981809462768597
ASV_18S_2729	d__Eukaryota;k__Stramenopiles;p__Labyrinthulomycetes;c__Labyrinthulomycetes;o__Labyrinthulomycetes;os__Labyrinthulomycetes;f__Thraustochytriaceae;fs__Thraustochytriaceae;g__Aplanochytrium	0.9996851038080374
ASV_18S_2731	d__Eukaryota;k__Animalia;p__Cnidaria;c__Myxozoa;o__Bivalvulida;os__Bivalvulida;f__Bivalvulida;fs__Bivalvulida;g__Bivalvulida	0.702836103041412
ASV_18S_2733	Unassigned	0.3465897461848714
ASV_18S_2734	d__Bacteria;k__Bacteria;p__Proteobacteria;c__Alphaproteobacteria;o__Rickettsiales;os__Rickettsiales;f__Mitochondria;fs__Mitochondria;g__Mitochondria	0.7272908161289741
ASV_18S_2735	Unassigned	0.5643329531655642
ASV_18S_2736	d__Bacteria;k__Bacteria;p__Proteobacteria;c__Alphaproteobacteria;o__Rickettsiales;os__Rickettsiales;f__Mitochondria;fs__Mitochondria;g__Mitochondria	0.7398617353086592
ASV_18S_2738	d__Bacteria;k__Bacteria;p__Proteobacteria;c__Alphaproteobacteria;o__Rickettsiales;os__Rickettsiales;f__Mitochondria;fs__Mitochondria;g__Mitochondria	0.7058630294491307
ASV_18S_2739	d__Bacteria;k__Bacteria;p__Proteobacteria;c__Alphaproteobacteria;o__Rickettsiales;os__Rickettsiales;f__Mitochondria;fs__Mitochondria;g__Mitochondria	0.874159052161335
ASV_18S_2740	Unassigned	0.4046013188043368
ASV_18S_2741	Unassigned	0.5788895978604041
ASV_18S_2742	Unassigned	0.5208898755051035
ASV_18S_2743	d__Bacteria;k__Bacteria	0.710727840253026
ASV_18S_2744	d__Bacteria;k__Bacteria;p__Proteobacteria;c__Alphaproteobacteria;o__Rickettsiales;os__Rickettsiales;f__Mitochondria;fs__Mitochondria;g__Mitochondria	0.8573272847200218
ASV_18S_2746	d__Eukaryota	0.711266953409554
ASV_18S_2748	Unassigned	0.33099628364747136
ASV_18S_2751	d__Bacteria;k__Bacteria;p__Proteobacteria;c__Alphaproteobacteria;o__Rickettsiales;os__Rickettsiales;f__Mitochondria;fs__Mitochondria;g__Mitochondria	0.8897621453302069
ASV_18S_2752	d__Eukaryota	0.800810652995418
ASV_18S_2753	d__Bacteria;k__Bacteria;p__Proteobacteria;c__Alphaproteobacteria;o__Rickettsiales;os__Rickettsiales;f__Mitochondria;fs__Mitochondria;g__Mitochondria	0.8415057317212971
ASV_18S_2754	d__Bacteria;k__Bacteria;p__Proteobacteria;c__Alphaproteobacteria;o__Rickettsiales;os__Rickettsiales;f__Mitochondria;fs__Mitochondria;g__Mitochondria	0.8920482103175749
ASV_18S_2755	Unassigned	0.4225435007250189
ASV_18S_2757	d__Bacteria;k__Bacteria	0.9210276014432818
ASV_18S_2758	d__Eukaryota;k__Animalia;p__Cnidaria;c__Myxozoa;o__Bivalvulida;os__Bivalvulida;f__Bivalvulida;fs__Bivalvulida;g__Bivalvulida	0.7719497530373346
ASV_18S_2759	d__Bacteria;k__Bacteria;p__Proteobacteria;c__Alphaproteobacteria;o__Rickettsiales;os__Rickettsiales;f__Mitochondria;fs__Mitochondria;g__Mitochondria	0.7608547159269284
ASV_18S_2760	Unassigned	0.4509118048144425
ASV_18S_2761	d__Bacteria;k__Bacteria;p__Proteobacteria;c__Alphaproteobacteria;o__Rickettsiales;os__Rickettsiales;f__Mitochondria;fs__Mitochondria;g__Mitochondria	0.7617373586630792
ASV_18S_2763	d__Eukaryota;k__Animalia	0.747317731506842
ASV_18S_2764	Unassigned	0.4638409173721104
ASV_18S_2765	Unassigned	0.43733831882439733
ASV_18S_2766	Unassigned	0.3728227977880355
ASV_18S_2771	d__Eukaryota;k__Chloroplastida;p__Phragmoplastophyta;c__Embryophyta;o__Liliopsida;os__Incertae_Sedis;f__Incertae_Sedis;fs__Incertae_Sedis;g__Zostera	0.9642758806836076
ASV_18S_2774	d__Eukaryota	0.9986273182698553
ASV_18S_2775	d__Eukaryota;k__Stramenopiles;p__Labyrinthulomycetes;c__Labyrinthulomycetes;o__Labyrinthulomycetes;os__Labyrinthulomycetes;f__Thraustochytriaceae;fs__Thraustochytriaceae;g__Aplanochytrium	0.9998547829223962
